Crypto,Date,Open,High,Low,Close
ETH,12/31/21,3736.59,3812.67,3622.51,3687.67
ETH,12/30/21,3725.6,3768.63,3590.0,3733.98
ETH,12/29/21,3809.14,3827.01,3700.0,3724.98
ETH,12/28/21,4061.29,4075.97,3765.23,3807.82
ETH,12/27/21,4086.36,4128.28,4037.0,4061.3
ETH,12/26/21,4121.49,4121.93,4006.78,4087.98
ETH,12/25/21,4067.0,4138.22,4026.9,4121.52
ETH,12/24/21,4116.99,4135.98,4045.72,4067.43
ETH,12/23/21,4015.5,4150.48,3896.0,4112.67
ETH,12/22/21,4026.35,4074.63,3944.39,4015.75
ETH,12/21/21,3920.0,4062.6,3896.18,4023.92
ETH,12/20/21,3919.7,3991.66,3757.6,3914.36
ETH,12/19/21,3977.24,4027.91,3891.99,3922.25
ETH,12/18/21,3906.61,3991.34,3769.79,3976.42
ETH,12/17/21,4030.84,4030.84,3706.36,3913.17
ETH,12/16/21,4064.76,4112.32,3981.25,4030.84
ETH,12/15/21,3852.13,4092.42,3655.42,4066.0
ETH,12/14/21,3770.65,3881.71,3689.01,3854.24
ETH,12/13/21,4124.25,4170.3,3672.83,3770.01
ETH,12/12/21,4030.71,4175.3,3990.01,4122.34
ETH,12/11/21,4000.37,4097.91,3838.01,4022.39
ETH,12/10/21,4165.55,4228.97,3936.02,3999.61
ETH,12/9/21,4418.54,4486.63,4075.96,4167.7
ETH,12/8/21,4292.42,4454.4,4234.92,4418.54
ETH,12/7/21,4335.07,4426.89,4270.01,4292.32
ETH,12/6/21,4150.43,4352.68,3925.69,4324.65
ETH,12/5/21,4065.98,4250.76,4040.11,4153.22
ETH,12/4/21,4207.42,4251.1,3521.01,4066.1
ETH,12/3/21,4546.81,4656.95,4053.03,4218.61
ETH,12/2/21,4569.99,4633.66,4437.1,4545.44
ETH,12/1/21,4627.41,4778.67,4539.47,4569.99
ETH,11/30/21,4453.01,4747.85,4352.23,4627.16
ETH,11/29/21,4260.4,4460.4,4223.17,4453.8
ETH,11/28/21,4080.89,4258.78,3971.17,4256.95
ETH,11/27/21,4073.9,4184.99,4031.71,4080.89
ETH,11/26/21,4500.31,4552.35,3924.3,4078.31
ETH,11/25/21,4257.58,4530.85,4240.63,4500.0
ETH,11/24/21,4353.67,4371.83,4170.08,4257.24
ETH,11/23/21,4079.99,4385.99,4068.57,4351.45
ETH,11/22/21,4366.0,4370.41,4026.22,4078.51
ETH,11/21/21,4433.53,4438.13,4308.1,4369.45
ETH,11/20/21,4284.06,4433.39,4212.18,4433.39
ETH,11/19/21,4023.62,4309.9,3960.01,4279.0
ETH,11/18/21,4253.17,4343.0,3958.99,4022.41
ETH,11/17/21,4257.54,4298.99,4069.91,4253.17
ETH,11/16/21,4571.8,4586.86,4124.77,4257.79
ETH,11/15/21,4576.79,4768.63,4544.62,4572.81
ETH,11/14/21,4653.33,4690.73,4520.0,4576.79
ETH,11/13/21,4655.93,4704.8,4589.1,4652.4
ETH,11/12/21,4743.69,4804.99,4510.0,4655.12
ETH,11/11/21,4543.57,4779.81,4534.19,4743.2
ETH,11/10/21,4800.0,4865.81,4507.16,4557.49
ETH,11/9/21,4774.43,4838.98,4715.51,4800.0
ETH,11/8/21,4629.0,4794.99,4595.0,4773.85
ETH,11/7/21,4487.09,4638.08,4487.09,4629.0
ETH,11/6/21,4454.25,4517.77,4334.0,4488.09
ETH,11/5/21,4516.57,4573.66,4450.01,4453.68
ETH,11/4/21,4618.01,4626.85,4423.32,4517.22
ETH,11/3/21,4504.17,4665.02,4459.9,4618.0
ETH,11/2/21,4313.35,4532.4,4279.91,4505.48
ETH,11/1/21,4269.51,4379.69,4160.0,4310.99
ETH,10/31/21,4311.4,4394.0,4171.6,4269.5
ETH,10/30/21,4403.43,4433.17,4250.11,4311.57
ETH,10/29/21,4251.75,4457.01,4220.0,4409.1
ETH,10/28/21,3984.15,4290.1,3900.46,4257.6
ETH,10/27/21,4261.77,4312.84,3944.54,3984.14
ETH,10/26/21,4180.8,4292.51,4137.46,4262.82
ETH,10/25/21,4065.99,4232.98,4063.13,4180.8
ETH,10/24/21,4089.47,4184.4,3964.49,4063.12
ETH,10/23/21,3976.87,4124.33,3930.11,4089.33
ETH,10/22/21,4090.18,4162.58,3890.0,3975.35
ETH,10/21/21,4107.96,4366.5,4027.0,4089.19
ETH,10/20/21,3809.01,4135.43,3803.8,4107.96
ETH,10/19/21,3735.25,3854.96,3717.18,3809.34
ETH,10/18/21,3702.37,3893.93,3684.74,3739.16
ETH,10/17/21,3830.1,3915.31,3651.54,3700.98
ETH,10/16/21,3879.98,3968.86,3808.5,3831.77
ETH,10/15/21,3759.36,3900.0,3735.99,3879.87
ETH,10/14/21,3577.86,3821.09,3569.86,3759.36
ETH,10/13/21,3477.47,3584.99,3413.34,3576.0
ETH,10/12/21,3490.01,3545.0,3405.83,3476.8
ETH,10/11/21,3515.01,3620.0,3379.63,3493.73
ETH,10/10/21,3579.31,3604.01,3487.73,3512.75
ETH,10/9/21,3552.8,3629.63,3540.37,3579.31
ETH,10/8/21,3623.95,3670.7,3538.26,3554.29
ETH,10/7/21,3563.33,3641.24,3472.02,3623.58
ETH,10/6/21,3526.66,3628.01,3349.96,3560.16
ETH,10/5/21,3384.3,3533.79,3356.61,3533.79
ETH,10/4/21,3427.46,3437.5,3278.34,3384.3
ETH,10/3/21,3428.74,3485.29,3343.31,3426.97
ETH,10/2/21,3294.08,3465.26,3259.29,3428.74
ETH,10/1/21,2972.8,3315.8,2965.69,3293.01
ETH,9/30/21,2820.19,3049.0,2805.81,2972.8
ETH,9/29/21,2862.64,2948.52,2783.03,2820.49
ETH,9/28/21,2974.94,3029.77,2806.54,2863.28
ETH,9/27/21,3091.84,3165.76,2960.88,2974.94
ETH,9/26/21,2924.68,3099.21,2740.67,3088.41
ETH,9/25/21,2946.69,2983.0,2801.01,2927.45
ETH,9/24/21,3142.7,3162.69,2745.22,2947.01
ETH,9/23/21,3026.74,3173.94,3015.7,3142.44
ETH,9/22/21,2765.16,3090.0,2668.0,3026.36
ETH,9/21/21,3032.76,3105.01,2755.01,2765.16
ETH,9/20/21,3358.98,3364.47,2925.03,3019.11
ETH,9/19/21,3398.69,3456.0,3308.56,3359.13
ETH,9/18/21,3374.78,3539.62,3352.3,3398.69
ETH,9/17/21,3494.84,3592.39,3366.69,3378.01
ETH,9/16/21,3554.51,3674.37,3485.01,3487.77
ETH,9/15/21,3376.41,3570.83,3334.99,3551.43
ETH,9/14/21,3296.03,3409.2,3271.86,3377.76
ETH,9/13/21,3316.54,3440.8,3116.0,3295.57
ETH,9/12/21,3292.45,3468.57,3234.98,3316.89
ETH,9/11/21,3244.49,3346.56,3153.38,3293.97
ETH,9/10/21,3425.57,3512.95,3222.89,3250.96
ETH,9/9/21,3478.99,3567.72,3396.27,3424.95
ETH,9/8/21,3421.6,3541.54,3222.79,3473.72
ETH,9/7/21,3952.0,3969.33,2963.48,3415.04
ETH,9/6/21,3971.68,3980.59,3870.0,3949.99
ETH,9/5/21,3880.48,3972.39,3836.7,3972.05
ETH,9/4/21,3917.25,3970.01,3836.16,3880.55
ETH,9/3/21,3808.77,4027.56,3715.41,3917.19
ETH,9/2/21,3729.99,3841.52,3725.09,3811.26
ETH,9/1/21,3392.41,3776.01,3374.38,3730.0
ETH,8/31/21,3341.22,3472.31,3190.97,3392.83
ETH,8/30/21,3236.0,3347.51,3146.06,3342.39
ETH,8/29/21,3239.16,3284.56,3159.2,3236.0
ETH,8/28/21,3265.28,3286.25,3214.42,3239.14
ETH,8/27/21,3116.84,3275.51,3064.0,3264.37
ETH,8/26/21,3210.0,3251.71,3058.83,3116.84
ETH,8/25/21,3217.06,3250.0,3081.18,3210.0
ETH,8/24/21,3339.92,3359.59,3150.01,3216.7
ETH,8/23/21,3156.12,3378.21,3144.85,3339.98
ETH,8/22/21,3226.38,3274.71,3131.0,3156.96
ETH,8/21/21,3261.4,3309.99,3210.21,3226.38
ETH,8/20/21,3158.58,3299.64,3145.37,3260.97
ETH,8/19/21,3007.05,3163.23,2962.08,3157.16
ETH,8/18/21,3070.53,3128.29,2954.23,3007.34
ETH,8/17/21,3166.44,3292.1,3017.51,3072.0
ETH,8/16/21,3268.23,3334.17,3139.85,3164.98
ETH,8/15/21,3233.51,3287.85,3117.76,3261.22
ETH,8/14/21,3284.08,3331.0,3210.37,3233.92
ETH,8/13/21,3065.68,3296.78,2988.54,3281.0
ETH,8/12/21,3234.77,3241.96,2982.53,3061.61
ETH,8/11/21,3156.56,3272.74,3119.74,3236.2
ETH,8/10/21,3069.2,3231.74,3035.51,3156.55
ETH,8/9/21,2993.95,3186.63,2900.42,3071.56
ETH,8/8/21,3081.48,3189.0,2952.24,2988.72
ETH,8/7/21,2912.64,3173.53,2868.06,3081.75
ETH,8/6/21,2809.35,2948.78,2722.05,2911.7
ETH,8/5/21,2708.59,2825.89,2533.45,2803.67
ETH,8/4/21,2486.08,2723.17,2460.32,2708.97
ETH,8/3/21,2599.19,2636.0,2447.65,2487.41
ETH,8/2/21,2671.0,2677.26,2512.19,2597.51
ETH,8/1/21,2491.4,2698.14,2491.4,2670.0
ETH,7/31/21,2420.1,2498.41,2417.69,2490.81
ETH,7/30/21,2314.16,2449.06,2306.86,2419.57
ETH,7/29/21,2298.19,2337.0,2266.5,2314.17
ETH,7/28/21,2243.0,2343.29,2241.77,2301.1
ETH,7/27/21,2257.95,2318.42,2153.94,2242.77
ETH,7/26/21,2157.37,2429.17,2155.65,2260.97
ETH,7/25/21,2152.47,2194.22,2109.25,2157.66
ETH,7/24/21,2039.99,2199.0,2038.32,2151.04
ETH,7/23/21,2016.37,2092.0,1997.67,2039.45
ETH,7/22/21,1948.07,2044.0,1941.99,2016.29
ETH,7/21/21,1794.03,2026.18,1755.03,1947.62
ETH,7/20/21,1819.3,1838.65,1718.25,1794.03
ETH,7/19/21,1892.97,1926.76,1806.92,1819.3
ETH,7/18/21,1899.02,1990.0,1879.81,1895.28
ETH,7/17/21,1897.88,1917.96,1852.15,1899.02
ETH,7/16/21,1925.22,1961.49,1859.16,1902.35
ETH,7/15/21,1988.93,2038.32,1881.02,1925.09
ETH,7/14/21,1948.01,2017.49,1867.17,1989.35
ETH,7/13/21,2026.57,2043.12,1917.89,1949.46
ETH,7/12/21,2130.55,2171.69,2007.07,2026.57
ETH,7/11/21,2113.51,2153.12,2081.9,2130.87
ETH,7/10/21,2134.85,2190.85,2075.04,2095.08
ETH,7/9/21,2137.8,2185.59,2049.52,2134.85
ETH,7/8/21,2362.37,2362.37,2128.42,2137.8
ETH,7/7/21,2307.34,2407.35,2272.51,2362.01
ETH,7/6/21,2217.61,2347.96,2195.01,2310.85
ETH,7/5/21,2350.42,2386.14,2159.84,2217.31
ETH,7/4/21,2219.55,2371.52,2187.53,2350.42
ETH,7/3/21,2089.0,2238.38,2088.37,2219.55
ETH,7/2/21,2124.0,2138.73,2018.95,2089.0
ETH,7/1/21,2237.34,2282.98,2076.48,2117.6
ETH,6/30/21,2191.61,2282.02,2089.16,2239.11
ETH,6/29/21,2135.53,2242.02,2063.38,2191.26
ETH,6/28/21,1816.49,2142.69,1814.74,2135.01
ETH,6/27/21,1788.18,1892.12,1786.22,1816.34
ETH,6/26/21,1863.45,1865.83,1717.33,1767.57
ETH,6/25/21,2004.62,2019.97,1793.29,1867.87
ETH,6/24/21,1932.09,2035.61,1887.33,2007.27
ETH,6/23/21,1930.48,2043.01,1850.02,1931.56
ETH,6/22/21,1938.77,1996.72,1701.1,1930.48
ETH,6/21/21,2259.33,2275.73,1894.3,1941.23
ETH,6/20/21,2225.64,2261.99,2047.02,2254.99
ETH,6/19/21,2192.36,2277.06,2174.71,2225.64
ETH,6/18/21,2340.25,2378.39,2143.41,2194.37
ETH,6/17/21,2400.17,2457.61,2306.55,2343.23
ETH,6/16/21,2523.24,2563.96,2382.43,2402.42
ETH,6/15/21,2541.43,2639.23,2512.66,2522.43
ETH,6/14/21,2577.09,2608.27,2520.78,2541.84
ETH,6/13/21,2403.58,2562.82,2316.34,2562.82
ETH,6/12/21,2383.54,2438.98,2267.1,2403.58
ETH,6/11/21,2468.9,2490.9,2376.98,2383.54
ETH,6/10/21,2562.22,2621.95,2430.76,2467.85
ETH,6/9/21,2538.25,2626.27,2410.03,2563.27
ETH,6/8/21,2650.89,2663.01,2314.17,2537.01
ETH,6/7/21,2709.96,2846.38,2631.66,2651.31
ETH,6/6/21,2630.54,2747.44,2553.42,2706.96
ETH,6/5/21,2704.94,2814.62,2584.06,2627.47
ETH,6/4/21,2823.63,2870.01,2557.17,2702.23
ETH,6/3/21,2723.56,2887.0,2665.45,2819.99
ETH,6/2/21,2574.14,2799.39,2557.7,2723.52
ETH,6/1/21,2598.99,2737.96,2530.59,2577.58
ETH,5/31/21,2433.04,2677.51,2278.03,2595.82
ETH,5/30/21,2240.37,2477.15,2186.92,2437.73
ETH,5/29/21,2429.76,2567.0,2209.61,2237.97
ETH,5/28/21,2725.25,2789.64,2422.28,2424.99
ETH,5/27/21,2799.9,2889.51,2641.47,2725.92
ETH,5/26/21,2559.85,2910.0,2535.0,2791.65
ETH,5/25/21,2632.46,2751.98,2387.51,2552.11
ETH,5/24/21,2068.01,2679.0,2050.61,2623.97
ETH,5/23/21,2356.9,2382.66,1737.28,2073.14
ETH,5/22/21,2251.49,2482.37,2107.48,2356.38
ETH,5/21/21,2767.6,2939.63,2248.68,2248.8
ETH,5/20/21,2541.89,2993.64,2172.87,2761.8
ETH,5/19/21,3431.0,3465.99,1889.42,2535.67
ETH,5/18/21,3441.54,3564.21,3198.48,3434.23
ETH,5/17/21,3373.74,3589.0,3126.42,3440.1
ETH,5/16/21,3792.71,3878.01,3345.04,3360.34
ETH,5/15/21,3983.66,4133.31,3663.23,3794.99
ETH,5/14/21,3712.0,4175.68,3612.61,3990.47
ETH,5/13/21,4101.41,4241.63,3527.0,3714.2
ETH,5/12/21,4139.99,4372.35,3940.02,4104.21
ETH,5/11/21,3885.92,4140.0,3781.66,4140.0
ETH,5/10/21,3911.64,4209.43,3697.46,3899.32
ETH,5/9/21,3854.53,3980.33,3734.16,3909.82
ETH,5/8/21,3501.75,3863.54,3431.03,3852.0
ETH,5/7/21,3468.09,3588.14,3366.78,3501.77
ETH,5/6/21,3464.45,3607.59,3382.27,3467.85
ETH,5/5/21,3405.35,3484.01,3215.17,3467.44
ETH,5/4/21,3287.57,3492.19,3195.07,3409.65
ETH,5/3/21,2969.0,3339.24,2936.4,3288.0
ETH,5/2/21,2950.19,2976.97,2858.0,2969.0
ETH,5/1/21,2763.92,2951.0,2743.26,2949.51
ETH,4/30/21,2709.0,2799.0,2702.31,2763.92
ETH,4/29/21,2711.17,2799.99,2675.41,2712.8
ETH,4/28/21,2646.0,2748.0,2564.4,2708.01
ETH,4/27/21,2458.3,2680.29,2431.6,2649.25
ETH,4/26/21,2209.0,2531.25,2180.0,2463.0
ETH,4/25/21,2298.15,2355.54,2166.72,2214.89
ETH,4/24/21,2324.98,2370.26,2162.01,2295.99
ETH,4/23/21,2400.0,2447.35,2117.03,2323.83
ETH,4/22/21,2408.09,2643.3,2315.24,2408.0
ETH,4/21/21,2309.4,2467.23,2237.91,2405.01
ETH,4/20/21,2208.95,2330.5,2055.36,2307.28
ETH,4/19/21,2229.05,2279.28,2084.37,2206.66
ETH,4/18/21,2390.67,2396.05,1976.71,2226.09
ETH,4/17/21,2460.84,2496.82,2318.08,2390.93
ETH,4/16/21,2498.19,2548.39,2335.38,2460.83
ETH,4/15/21,2369.99,2499.99,2369.99,2499.5
ETH,4/14/21,2301.0,2399.07,2269.33,2369.54
ETH,4/13/21,2146.5,2315.0,2137.08,2301.0
ETH,4/12/21,2141.68,2199.62,2104.03,2145.92
ETH,4/11/21,2087.48,2163.94,2082.37,2144.51
ETH,4/10/21,2069.34,2194.68,2056.78,2090.86
ETH,4/9/21,2055.02,2100.41,2045.0,2070.83
ETH,4/8/21,1988.0,2077.13,1953.19,2054.91
ETH,4/7/21,2121.69,2126.17,1937.28,1983.56
ETH,4/6/21,2106.15,2149.55,2047.32,2122.45
ETH,4/5/21,2061.67,2129.92,2004.69,2104.42
ETH,4/4/21,2059.01,2091.55,1983.34,2061.67
ETH,4/3/21,2091.0,2143.99,2006.37,2061.32
ETH,4/2/21,1969.99,2105.81,1950.3,2092.13
ETH,4/1/21,1940.25,1982.53,1899.37,1969.99
ETH,3/31/21,1840.97,1940.0,1777.17,1940.0
ETH,3/30/21,1808.81,1858.98,1787.2,1840.99
ETH,3/29/21,1668.53,1840.51,1664.09,1806.4
ETH,3/28/21,1718.51,1731.63,1661.91,1667.28
ETH,3/27/21,1665.15,1718.52,1665.15,1718.5
ETH,3/26/21,1604.02,1675.0,1580.08,1664.68
ETH,3/25/21,1609.15,1620.81,1546.91,1603.41
ETH,3/24/21,1669.76,1740.91,1584.09,1615.01
ETH,3/23/21,1661.92,1720.84,1654.01,1672.34
ETH,3/22/21,1800.06,1810.37,1678.35,1678.35
ETH,3/21/21,1827.62,1837.75,1753.97,1800.0
ETH,3/20/21,1814.56,1868.08,1803.41,1827.61
ETH,3/19/21,1773.24,1839.98,1736.33,1817.85
ETH,3/18/21,1816.89,1848.95,1759.83,1774.49
ETH,3/17/21,1797.61,1839.1,1744.97,1817.47
ETH,3/16/21,1792.84,1818.0,1712.6,1797.41
ETH,3/15/21,1876.5,1893.09,1743.24,1791.32
ETH,3/14/21,1912.12,1938.52,1840.0,1876.05
ETH,3/13/21,1758.4,1942.37,1730.86,1911.71
ETH,3/12/21,1842.0,1846.61,1723.95,1758.32
ETH,3/11/21,1819.86,1842.34,1728.14,1840.5
ETH,3/10/21,1825.01,1877.07,1759.34,1816.73
ETH,3/9/21,1791.26,1857.47,1772.89,1825.0
ETH,3/8/21,1664.0,1793.0,1663.27,1790.92
ETH,3/7/21,1647.76,1693.7,1634.39,1664.0
ETH,3/6/21,1535.3,1669.66,1514.25,1642.7
ETH,3/5/21,1516.04,1548.0,1443.65,1535.09
ETH,3/4/21,1592.11,1624.67,1505.69,1516.45
ETH,3/3/21,1467.71,1655.19,1465.75,1595.02
ETH,3/2/21,1547.0,1605.03,1457.48,1467.94
ETH,3/1/21,1417.1,1563.99,1401.44,1547.0
ETH,2/28/21,1506.45,1509.95,1297.64,1416.12
ETH,2/27/21,1429.62,1526.9,1412.64,1507.11
ETH,2/26/21,1520.0,1562.66,1403.0,1429.31
ETH,2/25/21,1587.56,1669.99,1526.11,1526.11
ETH,2/24/21,1536.41,1714.96,1504.28,1591.57
ETH,2/23/21,1793.48,1802.44,1372.14,1539.99
ETH,2/22/21,1911.65,1939.7,870.0,1799.77
ETH,2/21/21,1963.56,1974.99,1836.83,1922.8
ETH,2/20/21,1957.92,2035.95,1928.01,1968.81
ETH,2/19/21,1944.92,1974.67,1891.99,1957.91
ETH,2/18/21,1856.64,1949.72,1832.98,1944.68
ETH,2/17/21,1753.0,1854.09,1733.98,1854.0
ETH,2/16/21,1791.89,1825.11,1726.0,1753.24
ETH,2/15/21,1828.65,1835.02,1672.69,1792.02
ETH,2/14/21,1814.19,1851.8,1787.99,1828.54
ETH,2/13/21,1852.75,1873.28,1765.9,1814.5
ETH,2/12/21,1769.0,1861.74,1741.55,1851.59
ETH,2/11/21,1728.0,1817.0,1706.91,1769.92
ETH,2/10/21,1769.71,1837.84,1682.0,1727.99
ETH,2/9/21,1700.03,1822.24,1700.03,1769.73
ETH,2/8/21,1599.33,1774.62,1569.98,1702.98
ETH,2/7/21,1712.0,1719.0,1502.2,1602.5
ETH,2/6/21,1718.46,1743.59,1648.73,1710.88
ETH,2/5/21,1642.38,1762.0,1591.69,1721.71
ETH,2/4/21,1636.13,1696.88,1562.9,1642.51
ETH,2/3/21,1521.01,1650.0,1511.43,1633.45
ETH,2/2/21,1350.78,1539.88,1344.88,1516.43
ETH,2/1/21,1298.4,1351.96,1273.29,1348.97
ETH,1/31/21,1386.28,1391.57,1284.67,1296.0
ETH,1/30/21,1374.13,1409.55,1327.92,1385.72
ETH,1/29/21,1354.54,1438.01,1293.16,1375.79
ETH,1/28/21,1277.96,1358.04,1222.59,1350.38
ETH,1/27/21,1335.0,1375.47,1210.05,1275.28
ETH,1/26/21,1346.57,1375.27,1246.0,1335.01
ETH,1/25/21,1352.0,1473.54,1313.54,1345.18
ETH,1/24/21,1247.98,1365.55,1224.01,1353.24
ETH,1/23/21,1246.13,1272.56,1198.12,1248.5
ETH,1/22/21,1169.06,1273.92,1043.42,1243.67
ETH,1/21/21,1323.01,1389.16,1165.86,1174.95
ETH,1/20/21,1409.34,1424.99,1240.33,1323.76
ETH,1/19/21,1234.91,1436.47,1233.94,1410.55
ETH,1/18/21,1262.97,1267.46,1185.61,1234.03
ETH,1/17/21,1234.3,1265.55,1167.71,1260.64
ETH,1/16/21,1160.61,1290.89,1153.07,1228.99
ETH,1/15/21,1186.42,1253.18,1074.53,1160.75
ETH,1/14/21,1128.62,1246.02,1088.71,1189.0
ETH,1/13/21,1075.4,1127.0,986.67,1126.3
ETH,1/12/21,1035.76,1148.97,1005.99,1078.26
ETH,1/11/21,1269.58,1288.44,913.93,1035.1
ETH,1/10/21,1293.0,1349.99,1160.05,1269.99
ETH,1/9/21,1188.41,1296.27,1167.73,1292.24
ETH,1/8/21,1254.22,1273.17,1072.44,1190.64
ETH,1/7/21,1180.68,1288.82,1162.0,1251.5
ETH,1/6/21,1089.49,1210.04,1061.04,1183.71
ETH,1/5/21,1007.22,1134.0,976.68,1086.64
ETH,1/4/21,947.94,1165.58,891.24,1008.06
ETH,1/3/21,769.0,975.89,764.76,950.5
ETH,1/2/21,729.66,787.99,717.51,769.0
ETH,1/1/21,739.27,749.88,717.01,729.99
ETH,12/31/20,749.0,755.24,725.29,739.08
ETH,12/30/20,724.42,757.15,719.43,749.13
ETH,12/29/20,727.25,738.97,688.86,723.94
ETH,12/28/20,676.53,746.5,676.53,726.77
ETH,12/27/20,646.98,714.52,625.0,676.41
ETH,12/26/20,618.87,651.83,616.05,647.0
ETH,12/25/20,604.61,633.24,604.59,618.92
ETH,12/24/20,597.37,609.95,550.0,605.1
ETH,12/23/20,622.4,637.95,592.7,597.37
ETH,12/22/20,618.41,634.13,587.85,622.83
ETH,12/21/20,632.71,648.0,599.11,618.46
ETH,12/20/20,666.53,666.88,631.38,634.8
ETH,12/19/20,651.21,669.0,646.97,666.95
ETH,12/18/20,641.05,663.74,630.01,651.36
ETH,12/17/20,630.0,676.29,628.56,641.26
ETH,12/16/20,589.03,632.64,581.5,629.38
ETH,12/15/20,586.2,596.49,579.31,588.63
ETH,12/14/20,591.71,592.78,576.06,586.06
ETH,12/13/20,570.95,595.0,564.23,591.64
ETH,12/12/20,549.44,571.84,543.5,570.91
ETH,12/11/20,563.72,564.41,536.01,549.44
ETH,12/10/20,575.91,577.51,548.29,563.66
ETH,12/9/20,565.86,577.96,530.45,576.17
ETH,12/8/20,588.47,594.99,560.39,566.01
ETH,12/7/20,599.41,603.77,584.76,588.61
ETH,12/6/20,592.21,607.36,584.0,599.42
ETH,12/5/20,580.8,597.55,561.52,592.41
ETH,12/4/20,615.43,620.0,578.74,581.81
ETH,12/3/20,600.0,624.0,587.57,615.43
ETH,12/1/20,605.59,636.31,568.32,604.51
ETH,11/30/20,568.4,614.07,563.98,605.2
ETH,11/29/20,544.02,569.83,531.6,566.54
ETH,11/28/20,515.99,548.5,507.1,543.92
ETH,11/27/20,515.1,530.8,494.37,515.87
ETH,11/26/20,577.39,579.7,481.32,512.59
ETH,11/25/20,600.08,606.39,574.77,578.49
ETH,11/24/20,606.14,622.72,593.0,601.02
ETH,11/23/20,572.66,608.47,551.12,606.93
ETH,11/22/20,544.32,576.15,512.1,573.94
ETH,11/21/20,509.05,545.45,503.66,544.31
ETH,11/20/20,473.0,514.53,469.62,508.87
ETH,11/19/20,474.59,481.99,465.52,472.98
ETH,11/18/20,480.89,494.99,460.01,474.31
ETH,11/17/20,459.66,484.9,458.46,480.99
ETH,11/16/20,444.01,465.99,440.5,459.25
ETH,11/15/20,460.06,463.95,442.01,444.0
ETH,11/14/20,472.29,478.38,452.75,460.06
ETH,11/13/20,463.2,474.85,458.39,472.28
ETH,11/12/20,466.51,470.0,452.96,462.55
ETH,11/11/20,452.69,476.54,450.02,467.16
ETH,11/10/20,447.73,455.0,439.39,451.73
ETH,11/9/20,450.2,459.49,434.8,447.9
ETH,11/8/20,435.83,460.23,431.0,450.45
ETH,11/7/20,445.54,468.14,425.0,435.58
ETH,11/6/20,413.69,449.37,413.29,447.2
ETH,11/5/20,401.79,418.0,396.95,413.65
ETH,11/4/20,383.39,408.55,377.35,401.11
ETH,11/3/20,385.66,385.89,371.02,383.35
ETH,11/2/20,397.44,404.26,378.16,385.91
ETH,11/1/20,387.94,397.24,385.07,396.63
ETH,10/31/20,384.38,393.14,380.86,387.94
ETH,10/30/20,389.06,392.0,374.06,384.31
ETH,10/29/20,385.92,394.01,380.95,389.05
ETH,10/28/20,403.41,409.03,381.1,385.94
ETH,10/27/20,393.0,410.33,390.52,403.95
ETH,10/26/20,407.8,411.28,383.44,392.9
ETH,10/25/20,412.0,417.67,404.4,408.1
ETH,10/24/20,409.0,416.49,407.55,412.01
ETH,10/23/20,417.85,421.08,402.22,409.4
ETH,10/22/20,395.17,419.57,390.9,417.8
ETH,10/21/20,368.4,398.45,367.86,395.25
ETH,10/20/20,379.65,380.72,367.06,368.66
ETH,10/19/20,375.92,384.07,373.14,379.65
ETH,10/18/20,367.12,377.18,367.12,375.92
ETH,10/17/20,366.74,370.37,363.5,367.12
ETH,10/16/20,380.56,380.56,362.72,366.6
ETH,10/15/20,376.75,381.43,370.47,380.56
ETH,10/14/20,380.24,387.34,373.5,376.73
ETH,10/13/20,387.6,395.27,374.7,380.19
ETH,10/12/20,373.27,389.42,365.75,387.64
ETH,10/11/20,374.42,377.4,369.3,373.72
ETH,10/10/20,364.05,378.24,363.28,374.58
ETH,10/9/20,351.65,366.0,347.9,364.05
ETH,10/8/20,340.51,353.06,334.81,351.65
ETH,10/7/20,337.28,342.69,333.02,340.51
ETH,10/6/20,351.99,355.0,337.0,337.25
ETH,10/5/20,351.55,355.46,349.18,351.99
ETH,10/4/20,349.07,354.45,344.0,351.55
ETH,10/3/20,346.54,351.09,341.9,349.07
ETH,10/2/20,351.61,354.1,335.4,346.32
ETH,10/1/20,356.9,369.18,345.85,351.61
ETH,9/30/20,357.66,360.32,351.5,356.64
ETH,9/29/20,362.73,363.77,350.4,357.72
ETH,9/28/20,353.21,367.9,352.36,362.73
ETH,9/27/20,353.68,362.2,347.51,353.33
ETH,9/26/20,354.93,357.55,346.8,353.68
ETH,9/25/20,345.67,358.0,337.84,354.9
ETH,9/24/20,321.9,348.83,317.1,345.66
ETH,9/23/20,344.72,346.9,314.76,321.9
ETH,9/22/20,346.7,349.5,335.6,344.85
ETH,9/21/20,369.55,376.31,332.46,346.59
ETH,9/20/20,386.03,386.03,365.22,369.6
ETH,9/19/20,380.21,387.84,377.31,386.03
ETH,9/18/20,393.06,393.99,375.89,380.61
ETH,9/17/20,365.72,394.2,363.49,392.15
ETH,9/16/20,365.6,373.43,355.21,365.71
ETH,9/15/20,376.32,382.0,362.57,365.56
ETH,9/14/20,363.0,384.15,356.43,376.32
ETH,9/13/20,383.63,389.77,354.0,363.0
ETH,9/12/20,368.79,386.66,365.75,383.27
ETH,9/11/20,365.72,372.57,356.0,368.43
ETH,9/10/20,353.23,377.69,350.81,365.39
ETH,9/9/20,335.63,358.97,325.93,353.69
ETH,9/8/20,345.37,356.36,331.1,335.66
ETH,9/7/20,351.73,359.9,323.62,344.7
ETH,9/6/20,331.14,357.38,316.83,351.89
ETH,9/5/20,391.78,394.5,311.04,333.29
ETH,9/4/20,406.2,407.66,360.9,391.78
ETH,9/3/20,436.39,450.0,391.0,405.9
ETH,9/2/20,482.0,488.26,422.23,436.64
ETH,9/1/20,432.27,486.0,430.04,482.44
ETH,8/31/20,422.97,438.99,418.23,432.33
ETH,8/30/20,405.29,427.92,398.4,423.0
ETH,8/29/20,394.2,405.67,391.05,405.21
ETH,8/28/20,379.43,397.87,379.0,394.21
ETH,8/27/20,389.6,396.85,372.01,379.69
ETH,8/26/20,377.59,393.5,377.59,389.32
ETH,8/25/20,401.06,410.39,370.26,377.4
ETH,8/24/20,392.67,408.64,387.82,401.41
ETH,8/23/20,388.65,396.9,384.01,392.69
ETH,8/22/20,395.04,397.0,379.28,388.71
ETH,8/21/20,416.37,419.39,395.01,395.03
ETH,8/20/20,404.75,418.51,402.92,416.3
ETH,8/19/20,427.15,429.09,394.25,404.4
ETH,8/18/20,437.86,440.11,415.52,427.07
ETH,8/17/20,430.1,447.03,420.71,437.85
ETH,8/16/20,432.28,437.08,412.9,430.72
ETH,8/15/20,439.0,443.11,430.25,432.5
ETH,8/14/20,415.96,444.35,413.88,438.99
ETH,8/13/20,386.46,411.28,377.85,409.8
ETH,8/12/20,373.0,389.44,367.17,386.61
ETH,8/11/20,395.41,398.37,367.04,373.99
ETH,8/10/20,393.24,400.0,387.34,395.53
ETH,8/9/20,388.43,400.35,384.37,393.23
ETH,8/8/20,377.54,393.51,376.62,388.49
ETH,8/7/20,396.87,399.0,365.43,378.01
ETH,8/6/20,400.56,407.81,392.79,396.81
ETH,8/5/20,388.46,402.0,384.87,400.58
ETH,8/4/20,391.0,402.85,381.51,388.46
ETH,8/3/20,373.32,398.28,368.01,390.64
ETH,8/2/20,386.97,415.05,338.72,374.39
ETH,8/1/20,345.63,388.59,343.5,386.82
ETH,7/31/20,338.67,348.01,329.01,345.73
ETH,7/30/20,322.41,341.91,314.9,339.11
ETH,7/29/20,320.01,325.27,313.31,322.64
ETH,7/28/20,324.43,333.46,306.74,319.74
ETH,7/27/20,310.35,329.5,309.67,324.25
ETH,7/26/20,306.03,319.82,300.51,310.92
ETH,7/25/20,286.58,308.01,278.39,305.82
ETH,7/24/20,273.34,286.94,268.85,286.37
ETH,7/23/20,245.9,279.81,245.56,273.34
ETH,7/22/20,245.08,246.19,242.18,245.92
ETH,7/21/20,236.4,246.9,235.48,245.08
ETH,7/20/20,235.71,240.0,234.48,236.4
ETH,7/19/20,236.35,236.35,233.41,235.71
ETH,7/18/20,232.35,236.96,232.29,236.35
ETH,7/17/20,232.63,234.38,231.54,232.53
ETH,7/16/20,238.17,239.11,230.06,232.61
ETH,7/15/20,241.39,241.42,236.64,238.17
ETH,7/14/20,238.92,241.9,236.93,241.35
ETH,7/13/20,238.75,245.26,237.46,238.87
ETH,7/12/20,238.87,243.79,236.79,238.76
ETH,7/11/20,239.29,241.69,237.74,238.71
ETH,7/10/20,241.24,242.08,235.8,239.29
ETH,7/9/20,246.56,248.32,238.04,241.31
ETH,7/8/20,238.57,248.9,237.41,246.24
ETH,7/7/20,238.25,243.69,234.61,238.57
ETH,7/6/20,224.95,240.58,223.59,238.25
ETH,7/5/20,229.21,229.95,223.88,225.09
ETH,7/4/20,226.87,230.62,224.5,229.21
ETH,7/3/20,226.29,228.18,225.48,226.88
ETH,7/2/20,231.51,232.06,223.04,226.29
ETH,7/1/20,225.47,232.76,224.16,231.51
ETH,6/30/20,227.73,229.82,222.87,225.47
ETH,6/29/20,224.81,227.95,221.23,227.3
ETH,6/28/20,218.34,227.57,217.8,224.85
ETH,6/27/20,230.26,231.33,215.9,218.6
ETH,6/26/20,233.61,234.78,227.5,230.27
ETH,6/25/20,234.7,235.42,227.6,233.61
ETH,6/24/20,243.52,249.23,231.03,234.6
ETH,6/23/20,245.11,246.4,240.85,243.52
ETH,6/22/20,228.99,245.43,227.18,244.65
ETH,6/21/20,227.58,231.0,227.57,228.99
ETH,6/20/20,229.22,230.66,225.99,227.58
ETH,6/19/20,228.52,232.05,226.61,229.2
ETH,6/18/20,231.1,234.45,228.28,229.06
ETH,6/17/20,233.73,237.01,228.29,231.1
ETH,6/16/20,233.4,236.01,228.8,233.73
ETH,6/15/20,234.12,234.22,218.21,232.68
ETH,6/14/20,236.94,238.37,233.09,234.12
ETH,6/13/20,237.66,238.62,234.65,236.94
ETH,6/12/20,232.37,239.19,228.04,237.67
ETH,6/11/20,247.88,250.04,227.21,232.37
ETH,6/10/20,243.52,250.12,185.52,247.75
ETH,6/9/20,242.21,249.8,240.79,243.52
ETH,6/8/20,242.57,245.59,241.22,242.1
ETH,6/7/20,242.21,244.08,235.0,241.85
ETH,6/6/20,241.5,244.39,237.8,242.17
ETH,6/5/20,241.77,247.58,239.11,241.0
ETH,6/4/20,241.67,246.66,236.46,241.91
ETH,6/3/20,236.37,242.9,233.6,241.63
ETH,6/2/20,242.34,253.39,226.22,236.64
ETH,6/1/20,235.6,242.63,229.97,241.75
ETH,5/31/20,235.38,246.5,232.07,235.7
ETH,5/30/20,219.97,238.65,218.66,235.38
ETH,5/29/20,214.49,224.62,213.52,219.97
ETH,5/28/20,206.26,215.45,204.66,214.36
ETH,5/27/20,202.33,207.8,200.5,206.29
ETH,5/26/20,204.91,205.0,197.11,202.2
ETH,5/25/20,206.4,207.9,198.2,204.9
ETH,5/24/20,207.97,210.61,201.76,206.41
ETH,5/23/20,208.13,211.5,205.0,208.02
ETH,5/22/20,198.92,209.21,196.56,208.24
ETH,5/21/20,210.4,211.41,191.73,199.05
ETH,5/20/20,212.54,215.45,206.8,210.4
ETH,5/19/20,212.8,215.93,209.45,212.41
ETH,5/18/20,208.03,216.95,206.34,212.65
ETH,5/17/20,200.21,209.68,199.63,208.06
ETH,5/16/20,193.26,203.17,192.89,200.11
ETH,5/15/20,202.56,204.45,191.98,193.24
ETH,5/14/20,198.37,206.14,196.5,202.56
ETH,5/13/20,189.78,199.38,187.14,198.3
ETH,5/12/20,186.74,192.42,183.77,189.99
ETH,5/11/20,188.59,193.71,176.99,186.65
ETH,5/10/20,212.06,212.06,180.97,188.02
ETH,5/9/20,214.66,215.23,208.55,212.07
ETH,5/8/20,211.71,216.91,207.46,214.66
ETH,5/7/20,205.59,214.52,196.99,211.62
ETH,5/6/20,205.67,211.16,202.33,205.59
ETH,5/5/20,207.93,212.1,202.21,205.4
ETH,5/4/20,208.08,211.65,195.15,207.89
ETH,5/3/20,214.16,218.92,205.52,207.98
ETH,5/2/20,209.77,215.71,209.77,214.15
ETH,5/1/20,211.8,217.15,205.41,209.77
ETH,4/30/20,217.0,227.22,202.5,211.8
ETH,4/29/20,196.58,218.61,195.92,217.0
ETH,4/28/20,193.52,198.1,192.59,196.59
ETH,4/27/20,197.22,199.2,190.62,193.67
ETH,4/26/20,194.0,199.77,191.83,196.86
ETH,4/25/20,188.19,198.0,186.06,194.4
ETH,4/24/20,189.12,191.0,184.03,187.87
ETH,4/23/20,183.0,193.49,178.63,189.12
ETH,4/22/20,172.71,184.13,170.09,182.94
ETH,4/21/20,172.42,174.62,168.62,172.61
ETH,4/20/20,181.6,186.74,167.44,171.7
ETH,4/19/20,183.48,189.89,177.11,181.7
ETH,4/18/20,170.84,185.17,169.76,183.47
ETH,4/17/20,172.5,174.94,168.71,170.84
ETH,4/16/20,157.77,174.14,148.49,172.5
ETH,4/15/20,159.26,161.47,155.53,157.77
ETH,4/14/20,157.7,162.06,155.69,159.28
ETH,4/13/20,164.06,164.57,150.2,156.73
ETH,4/12/20,154.79,165.4,154.5,163.91
ETH,4/11/20,159.4,161.53,154.22,154.72
ETH,4/10/20,170.29,171.14,152.85,159.09
ETH,4/9/20,172.18,173.86,165.77,170.73
ETH,4/8/20,163.0,174.5,162.71,172.12
ETH,4/7/20,164.0,176.29,162.81,163.62
ETH,4/6/20,142.38,167.36,142.02,164.09
ETH,4/5/20,144.06,145.96,141.17,142.49
ETH,4/4/20,140.75,146.56,139.17,143.7
ETH,4/3/20,140.59,146.83,137.97,140.69
ETH,4/2/20,132.33,150.0,131.92,140.95
ETH,4/1/20,134.68,135.19,129.08,132.33
ETH,3/31/20,134.04,135.35,130.35,134.68
ETH,3/30/20,125.65,134.93,124.02,134.04
ETH,3/29/20,131.02,132.64,124.01,125.59
ETH,3/28/20,137.65,137.76,125.13,131.17
ETH,3/27/20,136.78,141.82,134.75,137.43
ETH,3/26/20,135.38,138.85,133.72,136.79
ETH,3/25/20,139.89,142.76,133.48,135.45
ETH,3/24/20,132.3,144.07,131.3,139.86
ETH,3/23/20,124.27,137.66,120.65,132.2
ETH,3/22/20,135.34,137.67,121.87,124.2
ETH,3/21/20,125.36,137.99,124.77,135.46
ETH,3/20/20,137.25,152.54,116.3,125.21
ETH,3/19/20,116.47,140.51,115.35,137.25
ETH,3/18/20,119.53,120.22,110.39,116.41
ETH,3/17/20,109.35,121.09,107.38,119.22
ETH,3/16/20,120.06,132.85,101.11,109.21
ETH,3/15/20,127.32,129.2,120.1,120.1
ETH,3/14/20,128.72,138.34,125.62,127.62
ETH,3/13/20,127.78,142.63,89.98,128.62
ETH,3/12/20,193.15,195.78,125.27,128.64
ETH,3/11/20,202.94,203.5,182.02,192.7
ETH,3/10/20,198.32,206.42,195.12,202.76
ETH,3/9/20,209.6,212.06,190.57,198.36
ETH,3/8/20,238.7,240.87,204.01,209.61
ETH,3/7/20,240.83,252.0,236.76,238.78
ETH,3/6/20,231.1,241.49,226.81,240.83
ETH,3/5/20,222.8,234.6,222.8,231.1
ETH,3/4/20,223.91,228.83,220.77,222.8
ETH,3/3/20,232.48,233.16,220.31,223.91
ETH,3/2/20,215.02,235.52,214.68,232.68
ETH,3/1/20,223.51,227.6,212.4,214.38
ETH,2/29/20,226.11,233.31,221.5,223.51
ETH,2/28/20,226.55,234.37,214.33,226.49
ETH,2/27/20,223.68,238.0,210.14,226.19
ETH,2/26/20,249.9,252.88,216.31,223.79
ETH,2/25/20,261.86,266.2,245.7,249.9
ETH,2/24/20,271.69,278.01,257.0,261.86
ETH,2/23/20,262.88,275.45,261.13,271.7
ETH,2/22/20,263.21,266.97,257.18,262.88
ETH,2/21/20,259.38,268.48,254.75,263.06
ETH,2/20/20,261.72,266.57,247.34,259.63
ETH,2/19/20,281.16,287.0,252.1,262.99
ETH,2/18/20,260.4,286.25,259.08,280.87
ETH,2/17/20,252.0,263.24,243.05,260.41
ETH,2/16/20,268.28,273.82,238.0,251.9
ETH,2/15/20,282.83,288.94,261.0,268.28
ETH,2/14/20,262.76,285.93,260.54,282.92
ETH,2/13/20,270.0,277.9,257.0,262.8
ETH,2/12/20,237.34,275.57,236.55,270.0
ETH,2/11/20,222.57,239.48,217.7,237.2
ETH,2/10/20,225.2,229.4,217.0,222.31
ETH,2/9/20,223.2,230.67,221.84,225.2
ETH,2/8/20,219.42,227.94,213.44,223.21
ETH,2/7/20,213.35,224.49,210.57,219.42
ETH,2/6/20,206.72,216.07,201.21,213.35
ETH,2/5/20,187.39,207.8,187.2,206.36
ETH,2/4/20,189.48,191.28,184.0,187.38
ETH,2/3/20,191.41,195.0,186.43,189.48
ETH,2/2/20,182.31,193.16,179.41,191.67
ETH,2/1/20,180.68,184.0,178.84,182.3
ETH,1/31/20,184.96,186.6,175.12,180.64
ETH,1/30/20,175.69,185.0,170.5,184.77
ETH,1/29/20,172.36,178.53,172.2,175.82
ETH,1/28/20,171.13,174.86,169.22,172.37
ETH,1/27/20,166.97,171.75,165.07,171.11
ETH,1/26/20,161.37,167.36,159.12,167.11
ETH,1/25/20,163.1,163.67,157.51,161.29
ETH,1/24/20,162.25,164.3,155.35,163.1
ETH,1/23/20,167.55,167.72,159.0,162.28
ETH,1/22/20,168.91,170.92,165.61,167.55
ETH,1/21/20,166.99,169.58,164.78,168.91
ETH,1/20/20,165.71,167.7,160.97,167.04
ETH,1/19/20,176.46,177.74,161.98,165.71
ETH,1/18/20,170.98,179.0,164.97,176.46
ETH,1/17/20,163.11,173.48,162.09,170.87
ETH,1/16/20,165.28,167.19,158.87,163.23
ETH,1/15/20,164.62,171.61,159.05,165.28
ETH,1/14/20,144.17,170.0,143.45,163.72
ETH,1/13/20,144.43,146.99,142.12,144.17
ETH,1/12/20,143.89,145.6,141.74,144.53
ETH,1/11/20,142.96,147.9,141.8,144.11
ETH,1/10/20,136.75,145.03,135.29,142.96
ETH,1/9/20,139.08,141.57,135.33,136.75
ETH,1/8/20,142.54,147.91,137.22,139.12
ETH,1/7/20,141.5,145.26,139.01,142.54
ETH,1/6/20,135.06,142.86,134.01,141.5
ETH,1/5/20,133.93,138.25,133.71,135.28
ETH,1/4/20,132.34,135.58,131.94,133.93
ETH,1/3/20,127.44,134.58,125.43,132.34
ETH,1/2/20,131.52,131.52,126.18,127.44
ETH,1/1/20,128.41,132.86,127.93,131.52
ETH,12/31/22,1197.51,1206.99,1192.0,1199.52
ETH,12/30/22,1195.2,1203.03,1183.27,1197.2
ETH,12/29/22,1186.77,1205.19,1184.0,1195.2
ETH,12/28/22,1210.29,1213.92,1184.36,1186.77
ETH,12/27/22,1216.7,1232.38,1201.0,1210.24
ETH,12/26/22,1218.33,1223.09,1212.78,1216.7
ETH,12/25/22,1218.83,1222.84,1198.79,1218.33
ETH,12/24/22,1221.85,1225.79,1214.41,1218.69
ETH,12/23/22,1215.0,1228.61,1212.65,1221.85
ETH,12/22/22,1211.11,1232.01,1184.71,1215.0
ETH,12/21/22,1216.14,1220.82,1204.15,1211.12
ETH,12/20/22,1176.05,1227.48,1152.91,1216.55
ETH,12/19/22,1182.88,1194.39,1166.92,1176.05
ETH,12/18/22,1178.99,1196.19,1172.9,1182.99
ETH,12/17/22,1194.61,1196.77,1156.61,1179.27
ETH,12/16/22,1264.6,1279.11,1185.74,1194.61
ETH,12/15/22,1310.85,1311.07,1261.23,1264.65
ETH,12/14/22,1320.16,1348.31,1300.24,1310.85
ETH,12/13/22,1275.08,1345.16,1256.69,1320.19
ETH,12/12/22,1263.88,1278.8,1241.44,1275.15
ETH,12/11/22,1268.94,1282.99,1262.37,1264.92
ETH,12/10/22,1259.85,1282.95,1259.85,1268.94
ETH,12/9/22,1278.32,1291.07,1257.12,1259.91
ETH,12/8/22,1231.63,1290.41,1222.37,1278.18
ETH,12/7/22,1256.2,1275.65,1220.78,1231.63
ETH,12/6/22,1259.49,1269.92,1242.87,1256.66
ETH,12/5/22,1277.23,1304.49,1248.0,1259.46
ETH,12/4/22,1260.89,1282.29,1238.0,1277.23
ETH,12/3/22,1291.21,1303.19,1255.81,1260.76
ETH,12/2/22,1276.85,1296.25,1266.38,1290.99
ETH,12/1/22,1296.99,1305.67,1263.68,1276.85
ETH,11/30/22,1219.38,1299.77,1212.15,1296.99
ETH,11/29/22,1172.32,1225.15,1158.48,1219.38
ETH,11/28/22,1215.05,1216.62,1150.38,1172.11
ETH,11/27/22,1209.93,1222.21,1197.0,1216.21
ETH,11/26/22,1199.07,1229.93,1195.54,1209.93
ETH,11/25/22,1195.2,1204.96,1171.43,1199.67
ETH,11/24/22,1168.79,1215.22,1167.83,1195.2
ETH,11/23/22,1129.8,1187.6,1125.54,1168.79
ETH,11/22/22,1093.18,1139.85,1076.05,1130.19
ETH,11/21/22,1140.83,1152.39,1080.0,1092.64
ETH,11/20/22,1210.0,1230.91,1136.94,1139.38
ETH,11/19/22,1208.74,1212.5,1197.11,1210.0
ETH,11/18/22,1205.7,1228.45,1196.13,1208.8
ETH,11/17/22,1206.04,1226.63,1183.07,1205.7
ETH,11/16/22,1244.55,1266.38,1186.25,1206.04
ETH,11/15/22,1226.14,1290.49,1212.9,1244.39
ETH,11/14/22,1215.0,1287.46,1173.8,1226.43
ETH,11/13/22,1255.8,1271.34,1202.53,1216.6
ETH,11/12/22,1265.94,1291.02,1237.34,1255.72
ETH,11/11/22,1320.71,1325.99,1203.14,1265.94
ETH,11/10/22,1105.06,1346.59,1074.18,1320.71
ETH,11/9/22,1331.12,1343.65,1102.21,1105.81
ETH,11/8/22,1575.0,1577.13,1230.93,1335.07
ETH,11/7/22,1604.05,1608.2,1547.0,1575.7
ETH,11/6/22,1631.71,1639.09,1603.3,1604.04
ETH,11/5/22,1646.01,1663.76,1624.04,1631.71
ETH,11/4/22,1541.15,1674.39,1525.4,1647.04
ETH,11/3/22,1511.44,1559.0,1502.38,1541.15
ETH,11/2/22,1575.51,1619.41,1503.47,1513.45
ETH,11/1/22,1566.34,1609.22,1552.03,1575.52
ETH,10/31/22,1595.49,1634.39,1551.93,1566.34
ETH,10/30/22,1627.4,1639.04,1577.78,1595.49
ETH,10/29/22,1560.09,1661.78,1548.8,1627.4
ETH,10/28/22,1527.86,1571.86,1486.05,1561.0
ETH,10/27/22,1554.21,1583.6,1510.0,1527.81
ETH,10/26/22,1473.77,1591.78,1451.58,1554.46
ETH,10/25/22,1351.9,1523.5,1335.38,1473.0
ETH,10/24/22,1330.22,1369.79,1324.75,1351.91
ETH,10/23/22,1316.05,1335.98,1301.38,1330.22
ETH,10/22/22,1302.46,1319.02,1295.0,1316.05
ETH,10/21/22,1281.77,1306.55,1255.0,1302.46
ETH,10/20/22,1293.98,1310.0,1271.74,1281.77
ETH,10/19/22,1314.53,1314.79,1288.81,1293.99
ETH,10/18/22,1330.45,1340.54,1287.75,1314.44
ETH,10/17/22,1311.01,1337.0,1292.07,1330.45
ETH,10/16/22,1280.75,1314.5,1263.48,1311.01
ETH,10/15/22,1302.2,1302.27,1278.0,1280.85
ETH,10/14/22,1293.78,1342.09,1282.72,1302.2
ETH,10/13/22,1298.92,1302.57,1194.37,1294.3
ETH,10/12/22,1282.48,1305.46,1274.39,1298.57
ETH,10/11/22,1307.39,1309.38,1268.87,1282.78
ETH,10/10/22,1320.9,1337.61,1296.73,1307.39
ETH,10/9/22,1325.2,1328.96,1305.0,1320.9
ETH,10/8/22,1332.01,1337.3,1319.67,1325.2
ETH,10/7/22,1364.0,1364.0,1318.02,1332.01
ETH,10/6/22,1345.16,1383.43,1345.16,1363.88
ETH,10/5/22,1361.75,1367.1,1316.26,1346.06
ETH,10/4/22,1324.07,1367.96,1315.54,1362.09
ETH,10/3/22,1303.74,1329.64,1264.34,1323.92
ETH,10/2/22,1309.66,1317.39,1287.43,1303.74
ETH,10/1/22,1331.24,1333.78,1303.59,1309.66
ETH,9/30/22,1338.25,1372.24,1315.66,1331.3
ETH,9/29/22,1351.19,1354.71,1289.61,1338.25
ETH,9/28/22,1324.73,1353.85,1259.34,1351.26
ETH,9/27/22,1325.06,1399.29,1305.12,1324.42
ETH,9/26/22,1292.44,1340.08,1269.77,1325.05
ETH,9/25/22,1342.22,1342.25,1283.9,1293.03
ETH,9/24/22,1301.51,1348.0,1299.47,1342.22
ETH,9/23/22,1324.0,1356.71,1263.26,1301.98
ETH,9/22/22,1313.67,1335.46,1222.52,1324.18
ETH,9/21/22,1343.06,1410.0,1307.81,1313.67
ETH,9/20/22,1357.73,1391.0,1330.6,1342.61
ETH,9/19/22,1370.86,1371.92,1282.05,1357.73
ETH,9/18/22,1462.59,1473.43,1367.8,1370.86
ETH,9/17/22,1436.0,1474.87,1409.84,1462.59
ETH,9/16/22,1504.53,1504.53,1409.79,1436.0
ETH,9/15/22,1603.38,1653.0,1461.45,1504.22
ETH,9/14/22,1607.87,1622.82,1554.9,1603.66
ETH,9/13/22,1724.26,1757.2,1573.33,1607.5
ETH,9/12/22,1759.33,1780.59,1695.38,1724.26
ETH,9/11/22,1734.29,1788.48,1734.29,1759.33
ETH,9/10/22,1721.01,1744.62,1706.35,1734.07
ETH,9/9/22,1644.8,1742.92,1627.55,1720.62
ETH,9/8/22,1638.79,1661.33,1597.55,1644.75
ETH,9/7/22,1580.57,1653.0,1492.32,1641.59
ETH,9/6/22,1598.42,1685.58,1558.02,1579.95
ETH,9/5/22,1571.36,1609.82,1558.28,1598.42
ETH,9/4/22,1552.16,1582.87,1540.85,1571.36
ETH,9/3/22,1571.78,1585.37,1536.11,1552.16
ETH,9/2/22,1581.12,1648.92,1547.46,1568.51
ETH,9/1/22,1572.96,1584.2,1515.4,1580.77
ETH,8/31/22,1558.9,1619.37,1517.63,1572.96
ETH,8/30/22,1546.21,1604.65,1477.08,1557.62
ETH,8/29/22,1483.47,1551.02,1423.86,1546.83
ETH,8/28/22,1481.81,1510.27,1459.04,1483.47
ETH,8/27/22,1557.41,1561.03,1448.76,1480.58
ETH,8/26/22,1708.31,1710.95,1541.98,1557.41
ETH,8/25/22,1683.27,1721.65,1654.18,1707.8
ETH,8/24/22,1649.28,1692.79,1605.84,1683.37
ETH,8/23/22,1578.05,1667.49,1564.39,1649.28
ETH,8/22/22,1618.5,1644.69,1531.51,1578.05
ETH,8/21/22,1531.51,1640.0,1529.08,1618.24
ETH,8/20/22,1686.65,1690.54,1531.04,1531.94
ETH,8/19/22,1876.87,1878.04,1680.18,1687.8
ETH,8/18/22,1851.26,1881.6,1821.99,1876.87
ETH,8/17/22,1885.13,1956.71,1820.24,1850.2
ETH,8/16/22,1903.09,1917.11,1855.49,1885.13
ETH,8/15/22,1942.56,2011.65,1874.96,1904.74
ETH,8/14/22,1991.91,2029.9,1909.24,1942.57
ETH,8/13/22,1933.24,2020.0,1920.0,1991.91
ETH,8/12/22,1902.81,1936.55,1857.83,1933.74
ETH,8/11/22,1842.85,1934.57,1830.18,1902.53
ETH,8/10/22,1698.0,1852.99,1659.46,1842.6
ETH,8/9/22,1797.69,1797.98,1669.26,1698.01
ETH,8/8/22,1722.52,1816.46,1690.01,1799.85
ETH,8/7/22,1714.99,1723.34,1670.91,1722.52
ETH,8/6/22,1679.93,1748.59,1679.93,1715.0
ETH,8/5/22,1590.28,1724.72,1582.09,1679.93
ETH,8/4/22,1641.89,1663.64,1580.56,1590.67
ETH,8/3/22,1651.18,1683.0,1591.74,1641.88
ETH,8/2/22,1626.25,1676.46,1564.39,1650.3
ETH,8/1/22,1721.28,1725.0,1612.0,1622.95
ETH,7/31/22,1702.82,1751.82,1674.66,1721.29
ETH,7/30/22,1733.17,1765.97,1680.01,1702.82
ETH,7/29/22,1755.98,1771.39,1659.25,1733.17
ETH,7/28/22,1601.32,1782.16,1595.76,1756.28
ETH,7/27/22,1380.98,1613.09,1370.79,1601.64
ETH,7/26/22,1521.69,1524.76,1357.66,1379.02
ETH,7/25/22,1609.32,1661.25,1455.9,1520.86
ETH,7/24/22,1525.37,1628.27,1515.22,1611.43
ETH,7/23/22,1526.69,1596.06,1489.94,1523.82
ETH,7/22/22,1588.6,1645.89,1520.1,1525.01
ETH,7/21/22,1522.88,1603.92,1465.32,1586.73
ETH,7/20/22,1559.32,1618.97,1488.8,1524.0
ETH,7/19/22,1472.23,1625.09,1469.25,1559.6
ETH,7/18/22,1343.04,1530.64,1335.55,1473.04
ETH,7/17/22,1345.6,1383.18,1320.03,1343.41
ETH,7/16/22,1258.05,1417.25,1192.67,1345.6
ETH,7/15/22,1193.09,1285.97,1179.1,1256.28
ETH,7/14/22,1075.93,1208.94,1071.38,1191.48
ETH,7/13/22,1046.0,1100.42,1007.31,1075.93
ETH,7/12/22,1136.77,1137.19,1035.17,1046.0
ETH,7/11/22,1176.87,1184.3,1129.95,1136.62
ETH,7/10/22,1218.9,1225.21,1153.24,1177.5
ETH,7/9/22,1242.36,1250.2,1205.01,1219.84
ETH,7/8/22,1237.74,1270.2,1192.92,1242.36
ETH,7/7/22,1160.63,1252.47,1154.43,1237.75
ETH,7/6/22,1153.78,1167.08,1110.95,1160.63
ETH,7/5/22,1120.44,1168.99,1078.0,1154.34
ETH,7/4/22,1083.85,1133.2,1044.48,1120.44
ETH,7/3/22,1063.12,1085.65,1040.77,1083.27
ETH,7/2/22,1068.13,1076.85,1025.86,1062.79
ETH,7/1/22,1011.07,1111.0,1010.37,1067.88
ETH,6/30/22,1107.93,1117.58,1000.52,1011.67
ETH,6/29/22,1160.48,1166.7,1086.14,1107.93
ETH,6/28/22,1202.24,1231.85,1151.88,1160.55
ETH,6/27/22,1246.59,1248.11,1174.72,1202.24
ETH,6/26/22,1207.84,1276.04,1206.92,1247.7
ETH,6/25/22,1219.39,1243.88,1179.97,1207.44
ETH,6/24/22,1134.46,1242.74,1121.23,1215.09
ETH,6/23/22,1048.35,1141.25,1044.74,1134.2
ETH,6/22/22,1121.28,1139.0,1044.26,1051.16
ETH,6/21/22,1119.75,1189.96,1090.02,1121.57
ETH,6/20/22,1138.83,1167.6,1052.71,1119.96
ETH,6/19/22,900.5,1150.59,900.5,1138.58
ETH,6/18/22,1094.18,1097.73,884.57,902.25
ETH,6/17/22,1099.35,1116.29,1050.0,1095.0
ETH,6/16/22,1179.82,1253.83,1081.72,1096.86
ETH,6/15/22,1187.0,1225.08,1015.2,1177.44
ETH,6/14/22,1239.69,1256.6,1077.23,1187.3
ETH,6/13/22,1473.58,1484.24,1167.52,1243.08
ETH,6/12/22,1521.77,1550.29,1428.3,1477.97
ETH,6/11/22,1677.73,1684.17,1498.96,1521.84
ETH,6/10/22,1792.44,1800.67,1660.02,1677.39
ETH,6/9/22,1796.12,1830.46,1777.26,1792.44
ETH,6/8/22,1844.73,1845.35,1765.0,1796.12
ETH,6/7/22,1860.86,1873.67,1726.04,1844.73
ETH,6/6/22,1809.65,1917.16,1802.9,1860.47
ETH,6/5/22,1775.05,1827.58,1773.53,1809.74
ETH,6/4/22,1759.0,1792.92,1748.0,1774.69
ETH,6/3/22,1822.45,1852.0,1737.36,1758.06
ETH,6/2/22,1791.36,1842.28,1783.44,1824.05
ETH,6/1/22,1948.13,1970.05,1770.94,1794.22
ETH,5/31/22,1958.35,2009.89,1926.88,1948.13
ETH,5/30/22,1793.68,1954.77,1792.88,1952.14
ETH,5/29/22,1790.25,1823.22,1763.5,1793.03
ETH,5/28/22,1744.18,1809.0,1709.19,1790.25
ETH,5/27/22,1825.85,1844.43,1715.0,1744.16
ETH,5/26/22,1959.19,1968.28,1742.89,1826.05
ETH,5/25/22,1970.19,2020.0,1935.89,1959.09
ETH,5/24/22,1997.28,2002.54,1911.38,1967.21
ETH,5/23/22,2005.97,2085.71,1977.6,1996.35
ETH,5/22/22,1972.42,2033.91,1963.81,2004.77
ETH,5/21/22,1958.2,1987.89,1938.78,1972.76
ETH,5/20/22,2012.95,2060.94,1921.75,1957.64
ETH,5/19/22,1963.4,2036.37,1901.4,2011.38
ETH,5/18/22,2051.83,2106.01,1935.0,1962.74
ETH,5/17/22,2031.06,2119.99,2006.29,2051.9
ETH,5/16/22,2130.42,2155.0,1978.55,2030.99
ETH,5/15/22,1995.6,2128.88,1991.19,2128.88
ETH,5/14/22,2042.76,2079.0,1948.93,1997.47
ETH,5/13/22,1925.0,2141.84,1865.47,2043.75
ETH,5/12/22,2032.68,2181.2,1707.51,1925.01
ETH,5/11/22,2324.89,2450.24,2028.05,2031.16
ETH,5/10/22,2290.9,2455.64,2200.75,2321.92
ETH,5/9/22,2539.54,2555.34,2226.67,2286.1
ETH,5/8/22,2673.55,2675.47,2487.11,2539.33
ETH,5/7/22,2704.55,2705.82,2655.14,2673.55
ETH,5/6/22,2754.92,2757.25,2631.83,2704.81
ETH,5/5/22,2943.42,2952.96,2687.49,2754.37
ETH,5/4/22,2784.72,2967.03,2771.68,2943.42
ETH,5/3/22,2826.56,2880.56,2756.61,2774.37
ETH,5/2/22,2816.67,2872.27,2781.13,2827.69
ETH,5/1/22,2788.47,2825.69,2719.07,2812.7
ETH,4/30/22,2806.12,2840.85,2773.73,2788.47
ETH,4/29/22,2949.01,2953.97,2776.14,2806.13
ETH,4/28/22,2865.24,2979.97,2855.9,2948.97
ETH,4/27/22,2830.01,2919.45,2769.05,2864.84
ETH,4/26/22,2997.37,3033.32,2799.98,2828.63
ETH,4/25/22,2941.56,3024.0,2800.0,2996.74
ETH,4/24/22,2963.57,2969.55,2912.05,2941.25
ETH,4/23/22,2971.28,2977.64,2918.78,2961.98
ETH,4/22/22,3001.41,3030.71,2935.6,2971.28
ETH,4/21/22,3085.0,3178.24,2995.21,3001.41
ETH,4/20/22,3094.73,3165.5,3040.0,3085.0
ETH,4/19/22,3005.41,3129.91,3005.41,3094.31
ETH,4/18/22,3045.85,3075.32,2886.94,3005.18
ETH,4/17/22,3034.06,3084.98,3025.0,3045.7
ETH,4/16/22,3030.16,3057.36,3012.67,3034.06
ETH,4/15/22,3012.27,3057.44,2995.79,3030.16
ETH,4/14/22,3105.73,3143.96,2977.69,3011.47
ETH,4/13/22,2987.61,3114.94,2986.8,3105.73
ETH,4/12/22,2991.72,3083.37,2952.45,2987.7
ETH,4/11/22,3290.2,3292.8,2978.31,2992.28
ETH,4/10/22,3226.05,3307.43,3226.05,3290.16
ETH,4/9/22,3248.99,3256.43,3176.29,3226.04
ETH,4/8/22,3239.72,3313.02,3200.01,3247.98
ETH,4/7/22,3234.92,3269.49,3143.01,3238.51
ETH,4/6/22,3437.98,3460.86,3176.45,3235.47
ETH,4/5/22,3510.17,3550.0,3418.64,3436.17
ETH,4/4/22,3495.01,3580.0,3414.22,3510.17
ETH,4/3/22,3471.2,3523.0,3413.52,3495.0
ETH,4/2/22,3441.7,3529.39,3429.12,3471.2
ETH,4/1/22,3300.05,3480.0,3215.01,3443.19
ETH,3/31/22,3414.52,3444.44,3263.97,3299.98
ETH,3/30/22,3397.58,3445.0,3339.0,3413.71
ETH,3/29/22,3417.28,3482.78,3321.58,3395.2
ETH,3/28/22,3238.39,3430.72,3225.0,3417.28
ETH,3/27/22,3144.0,3247.64,3128.19,3238.88
ETH,3/26/22,3128.32,3152.36,3087.58,3144.0
ETH,3/25/22,3104.86,3193.5,3078.18,3128.32
ETH,3/24/22,2982.22,3129.41,2974.21,3104.85
ETH,3/23/22,3001.61,3047.04,2922.16,2981.96
ETH,3/22/22,2910.7,3052.57,2885.59,3001.61
ETH,3/21/22,2874.36,2961.3,2835.0,2911.51
ETH,3/20/22,2952.38,2964.01,2820.0,2877.47
ETH,3/19/22,2950.96,2985.99,2923.74,2956.8
ETH,3/18/22,2808.0,2985.26,2770.4,2952.01
ETH,3/17/22,2772.09,2835.95,2744.4,2807.99
ETH,3/16/22,2617.14,2789.16,2606.74,2774.5
ETH,3/15/22,2526.77,2667.6,2511.48,2625.59
ETH,3/14/22,2547.0,2608.52,2494.42,2524.55
ETH,3/13/22,2586.98,2600.68,2536.31,2547.01
ETH,3/12/22,2573.6,2614.26,2554.59,2586.98
ETH,3/11/22,2604.78,2672.09,2525.19,2573.6
ETH,3/10/22,2708.44,2735.08,2557.37,2604.0
ETH,3/9/22,2559.18,2773.08,2559.18,2708.44
ETH,3/8/22,2484.17,2624.88,2481.21,2560.8
ETH,3/7/22,2630.59,2646.86,2447.99,2484.17
ETH,3/6/22,2655.0,2674.99,2592.8,2627.79
ETH,3/5/22,2608.32,2683.89,2576.94,2655.49
ETH,3/4/22,2804.66,2848.52,2600.5,2608.32
ETH,3/3/22,2976.36,2982.82,2790.02,2804.5
ETH,3/2/22,2954.09,3036.89,2917.49,2963.89
ETH,3/1/22,2822.9,3038.49,2822.9,2954.79
ETH,2/28/22,2600.92,2836.94,2575.73,2821.51
ETH,2/27/22,2827.62,2827.62,2562.25,2606.65
ETH,2/26/22,2709.11,2854.23,2694.63,2827.2
ETH,2/25/22,2635.94,2744.0,2544.16,2709.14
ETH,2/24/22,2618.26,2705.18,2302.0,2633.01
ETH,2/23/22,2606.86,2750.65,2593.35,2620.7
ETH,2/22/22,2571.99,2661.85,2503.08,2604.01
ETH,2/21/22,2599.12,2757.59,2578.92,2583.87
ETH,2/20/22,2742.0,2767.84,2576.48,2599.4
ETH,2/19/22,2780.88,2830.42,2698.45,2742.0
ETH,2/18/22,2895.51,2944.0,2754.9,2783.64
ETH,2/17/22,3140.82,3160.79,2855.13,2896.67
ETH,2/16/22,3098.89,3195.98,3047.6,3136.48
ETH,2/15/22,2915.93,3150.0,2913.4,3099.47
ETH,2/14/22,2875.44,2964.44,2832.98,2915.92
ETH,2/13/22,2878.63,2952.33,2838.89,2875.03
ETH,2/12/22,2928.12,2984.99,2861.0,2880.0
ETH,2/11/22,3115.8,3137.37,2909.02,2927.28
ETH,2/10/22,3238.98,3281.6,3089.0,3114.29
ETH,2/9/22,3117.55,3271.99,3057.01,3240.0
ETH,2/8/22,3153.5,3232.52,3028.84,3118.37
ETH,2/7/22,2996.0,3188.93,2987.36,3151.38
ETH,2/6/22,3024.2,3042.96,2957.98,2996.0
ETH,2/5/22,2957.11,3062.2,2932.57,3027.15
ETH,2/4/22,2658.66,2977.85,2646.62,2957.62
ETH,2/3/22,2655.81,2723.92,2577.02,2657.49
ETH,2/2/22,2799.3,2815.66,2615.15,2647.75
ETH,2/1/22,2680.8,2810.89,2679.02,2790.0
ETH,1/31/22,2560.21,2706.82,2480.28,2680.71
ETH,1/30/22,2619.44,2638.3,2545.44,2558.81
ETH,1/29/22,2535.71,2637.58,2516.5,2620.0
ETH,1/28/22,2359.04,2549.82,2331.0,2537.68
ETH,1/27/22,2419.35,2519.82,2317.6,2359.79
ETH,1/26/22,2413.65,2724.47,2406.94,2419.99
ETH,1/25/22,2444.04,2507.8,2351.21,2414.06
ETH,1/24/22,2422.9,2545.96,2160.93,2442.65
ETH,1/23/22,2446.46,2548.6,2367.97,2422.9
ETH,1/22/22,2620.0,2640.28,2310.52,2448.91
ETH,1/21/22,3075.71,3089.45,2563.97,2614.44
ETH,1/20/22,3114.85,3272.22,3083.99,3083.99
ETH,1/19/22,3164.35,3192.24,3049.3,3114.58
ETH,1/18/22,3165.42,3242.59,3086.0,3164.35
ETH,1/17/22,3331.0,3362.66,3154.08,3168.54
ETH,1/16/22,3335.61,3391.51,3277.5,3331.0
ETH,1/15/22,3332.64,3370.6,3263.93,3337.18
ETH,1/14/22,3271.94,3342.0,3191.17,3332.6
ETH,1/13/22,3370.8,3411.26,3237.68,3271.94
ETH,1/12/22,3231.84,3412.64,3208.15,3370.8
ETH,1/11/22,3074.72,3264.19,3054.64,3232.52
ETH,1/10/22,3188.77,3199.13,2933.19,3073.5
ETH,1/9/22,3076.44,3210.0,3060.38,3188.77
ETH,1/8/22,3216.12,3245.65,2999.08,3080.64
ETH,1/7/22,3426.37,3434.0,3094.5,3216.5
ETH,1/6/22,3556.59,3568.65,3299.55,3426.38
ETH,1/5/22,3825.68,3847.93,3553.8,3557.41
ETH,1/4/22,3724.25,3889.1,3714.95,3826.65
ETH,1/3/22,3813.67,3847.0,3684.34,3727.99
ETH,1/2/22,3749.74,3850.02,3719.12,3813.67
ETH,1/1/22,3689.38,3774.98,3675.0,3749.75
ETH,5/31/23,1904.12,1913.71,1848.89,1865.88
ETH,5/30/23,1892.86,1916.32,1883.13,1904.12
ETH,5/29/23,1854.7,1926.74,1854.69,1893.48
ETH,5/28/23,1828.04,1860.12,1825.21,1854.69
ETH,5/27/23,1835.35,1836.33,1818.0,1827.72
ETH,5/26/23,1810.0,1838.2,1797.75,1835.42
ETH,5/25/23,1804.27,1815.67,1763.42,1809.86
ETH,5/24/23,1854.85,1856.4,1778.31,1804.97
ETH,5/23/23,1818.29,1870.02,1815.35,1854.86
ETH,5/22/23,1806.09,1826.47,1791.93,1818.16
ETH,5/21/23,1817.13,1828.54,1803.26,1806.42
ETH,5/20/23,1812.42,1829.0,1807.64,1817.13
ETH,5/19/23,1796.78,1828.83,1796.5,1812.7
ETH,5/18/23,1826.2,1831.73,1773.78,1796.79
ETH,5/17/23,1821.43,1835.92,1786.4,1826.2
ETH,5/16/23,1826.27,1831.0,1796.99,1821.41
ETH,5/15/23,1799.1,1846.06,1786.36,1826.27
ETH,5/14/23,1804.25,1823.86,1790.98,1799.1
ETH,5/13/23,1788.28,1816.45,1788.28,1804.4
ETH,5/12/23,1796.09,1800.45,1741.08,1788.28
ETH,5/11/23,1858.74,1858.74,1774.2,1796.09
ETH,5/10/23,1848.64,1888.97,1792.57,1858.8
ETH,5/9/23,1841.66,1862.6,1832.54,1848.64
ETH,5/8/23,1913.16,1923.66,1813.1,1840.91
ETH,5/7/23,1898.07,1934.98,1888.48,1913.16
ETH,5/6/23,1990.71,2018.49,1868.65,1898.07
ETH,5/5/23,1878.01,2000.0,1871.34,1990.86
ETH,5/4/23,1874.03,1917.0,1868.26,1878.06
ETH,5/3/23,1870.34,1892.98,1845.09,1874.03
ETH,5/2/23,1808.25,1880.85,1808.25,1870.08
ETH,5/1/23,1892.94,1897.67,1808.52,1809.79
ETH,4/30/23,1904.53,1938.7,1881.39,1892.35
ETH,4/29/23,1895.84,1916.94,1887.52,1904.53
ETH,4/28/23,1919.62,1925.0,1875.22,1895.84
ETH,4/27/23,1866.5,1937.41,1849.73,1919.58
ETH,4/26/23,1863.29,1963.93,1790.0,1865.73
ETH,4/25/23,1839.26,1864.16,1804.76,1860.78
ETH,4/24/23,1848.21,1888.24,1810.19,1837.7
ETH,4/23/23,1869.12,1882.0,1839.41,1848.21
ETH,4/22/23,1834.35,1887.36,1834.35,1868.86
ETH,4/21/23,1938.1,1956.74,1830.0,1838.38
ETH,4/20/23,1980.49,1981.65,1917.36,1938.1
ETH,4/19/23,2093.67,2107.05,1967.1,1981.65
ETH,4/18/23,2078.22,2123.06,2056.85,2092.83
ETH,4/17/23,2122.6,2130.63,2062.06,2078.22
ETH,4/16/23,2088.63,2137.82,2076.0,2122.92
ETH,4/15/23,2107.28,2112.96,2074.5,2089.25
ETH,4/14/23,2007.63,2130.0,2006.22,2107.57
ETH,4/13/23,1908.51,2022.0,1902.0,2008.64
ETH,4/12/23,1894.61,1930.0,1860.06,1908.85
ETH,4/11/23,1890.29,1938.33,1885.3,1895.2
ETH,4/10/23,1856.92,1904.61,1848.0,1885.87
ETH,4/9/23,1855.11,1866.14,1829.0,1857.01
ETH,4/8/23,1853.74,1879.0,1849.0,1855.68
ETH,4/7/23,1862.12,1883.09,1844.91,1853.74
ETH,4/6/23,1905.27,1913.03,1856.24,1865.02
ETH,4/5/23,1879.0,1935.78,1860.41,1905.27
ETH,4/4/23,1775.6,1889.91,1770.73,1879.0
ETH,4/3/23,1788.95,1839.12,1763.0,1780.58
ETH,4/2/23,1817.06,1826.21,1775.0,1789.24
ETH,4/1/23,1816.36,1841.75,1811.52,1817.06
ETH,3/31/23,1795.23,1846.0,1782.04,1817.14
ETH,3/30/23,1802.99,1827.05,1765.4,1795.1
ETH,3/29/23,1774.52,1823.99,1764.08,1803.13
ETH,3/28/23,1707.45,1791.5,1702.01,1774.61
ETH,3/27/23,1761.52,1782.91,1690.18,1707.6
ETH,3/26/23,1732.07,1798.41,1731.0,1761.52
ETH,3/25/23,1749.71,1762.94,1717.86,1732.01
ETH,3/24/23,1818.18,1821.79,1730.91,1750.0
ETH,3/23/23,1736.34,1858.43,1718.33,1817.2
ETH,3/22/23,1797.79,1821.78,1713.49,1736.07
ETH,3/21/23,1760.27,1837.0,1725.25,1798.2
ETH,3/20/23,1800.04,1816.79,1744.55,1760.3
ETH,3/19/23,1795.64,1844.23,1755.57,1799.55
ETH,3/18/23,1744.08,1840.67,1744.02,1796.69
ETH,3/17/23,1659.37,1766.08,1659.37,1743.94
ETH,3/16/23,1652.62,1694.22,1639.02,1658.91
ETH,3/15/23,1705.04,1721.07,1617.88,1652.89
ETH,3/14/23,1671.66,1781.07,1666.0,1708.72
ETH,3/13/23,1558.49,1699.97,1544.57,1672.75
ETH,3/12/23,1475.62,1564.1,1461.16,1562.36
ETH,3/11/23,1426.65,1485.75,1415.01,1475.61
ETH,3/10/23,1433.32,1446.1,1374.1,1426.2
ETH,3/9/23,1552.64,1553.28,1411.0,1432.87
ETH,3/8/23,1550.4,1569.72,1544.01,1552.67
ETH,3/7/23,1566.5,1582.59,1536.9,1550.4
ETH,3/6/23,1571.98,1580.85,1556.92,1566.31
ETH,3/5/23,1556.44,1587.22,1553.85,1571.74
ETH,3/4/23,1560.29,1577.68,1550.06,1556.43
ETH,3/3/23,1641.01,1655.06,1548.0,1558.69
ETH,3/2/23,1657.41,1676.96,1620.3,1641.69
ETH,3/1/23,1600.98,1667.95,1597.91,1656.7
ETH,2/28/23,1627.23,1647.75,1598.28,1605.47
ETH,2/27/23,1642.62,1664.22,1611.0,1627.28
ETH,2/26/23,1574.35,1649.53,1572.25,1642.65
ETH,2/25/23,1602.99,1610.94,1559.63,1574.0
ETH,2/24/23,1645.12,1664.52,1576.42,1602.99
ETH,2/23/23,1619.32,1678.0,1618.29,1646.58
ETH,2/22/23,1641.18,1662.44,1598.89,1619.33
ETH,2/21/23,1700.7,1716.03,1637.65,1641.12
ETH,2/20/23,1686.12,1719.42,1652.2,1700.7
ETH,2/19/23,1688.0,1722.92,1671.67,1686.12
ETH,2/18/23,1692.51,1711.86,1672.07,1688.0
ETH,2/17/23,1683.1,1719.99,1630.69,1695.34
ETH,2/16/23,1666.62,1745.73,1664.32,1682.03
ETH,2/15/23,1556.24,1674.41,1544.0,1665.44
ETH,2/14/23,1486.15,1565.92,1485.97,1555.78
ETH,2/13/23,1509.54,1525.14,1464.38,1486.15
ETH,2/12/23,1534.91,1548.0,1510.0,1511.92
ETH,2/11/23,1506.89,1537.0,1505.15,1535.6
ETH,2/10/23,1539.67,1554.18,1495.0,1507.0
ETH,2/9/23,1652.8,1655.53,1525.8,1541.0
ETH,2/8/23,1667.49,1692.89,1631.64,1652.81
ETH,2/7/23,1638.01,1677.3,1606.41,1667.49
ETH,2/6/23,1622.32,1657.37,1610.73,1638.37
ETH,2/5/23,1678.81,1688.05,1612.58,1622.4
ETH,2/4/23,1657.57,1694.57,1646.27,1678.81
ETH,2/3/23,1632.88,1674.81,1629.85,1657.36
ETH,2/2/23,1635.79,1711.6,1635.35,1640.8
ETH,2/1/23,1576.98,1646.3,1559.43,1635.79
ETH,1/31/23,1557.08,1602.62,1549.83,1576.74
ETH,1/30/23,1643.16,1653.75,1538.77,1557.18
ETH,1/29/23,1567.24,1659.24,1562.4,1643.21
ETH,1/28/23,1598.72,1606.82,1560.32,1567.24
ETH,1/27/23,1602.99,1621.41,1556.1,1598.72
ETH,1/26/23,1624.2,1639.6,1580.4,1602.99
ETH,1/25/23,1597.61,1622.99,1523.3,1617.97
ETH,1/24/23,1631.82,1640.04,1591.94,1599.45
ETH,1/23/23,1628.25,1648.54,1597.39,1632.14
ETH,1/22/23,1662.26,1662.69,1605.0,1628.25
ETH,1/21/23,1636.47,1677.45,1617.93,1660.63
ETH,1/20/23,1545.03,1646.3,1543.06,1637.84
ETH,1/19/23,1528.06,1563.64,1509.85,1545.03
ETH,1/18/23,1581.5,1606.74,1503.85,1528.2
ETH,1/17/23,1579.41,1601.87,1548.72,1581.5
ETH,1/16/23,1552.54,1598.6,1522.33,1579.41
ETH,1/15/23,1538.25,1563.6,1516.24,1552.35
ETH,1/14/23,1455.64,1592.46,1442.96,1538.04
ETH,1/13/23,1427.2,1459.43,1401.47,1456.07
ETH,1/12/23,1343.12,1434.94,1341.06,1427.58
ETH,1/11/23,1339.67,1345.08,1321.17,1342.74
ETH,1/10/23,1318.37,1344.28,1315.39,1339.75
ETH,1/9/23,1269.71,1343.85,1269.0,1317.74
ETH,1/8/23,1264.2,1275.72,1258.12,1269.72
ETH,1/7/23,1266.31,1271.18,1261.49,1264.2
ETH,1/6/23,1251.44,1275.1,1237.18,1266.32
ETH,1/5/23,1252.16,1259.05,1242.08,1251.32
ETH,1/4/23,1210.95,1270.5,1209.61,1252.16
ETH,1/3/23,1219.58,1219.65,1205.82,1210.65
ETH,1/2/23,1202.11,1221.34,1192.89,1221.34
ETH,1/1/23,1199.52,1203.55,1190.86,1202.11
ETH,12/31/18,138.13,139.4,128.68,129.99
ETH,12/30/18,143.94,147.0,129.06,137.85
ETH,12/29/18,134.18,146.0,132.11,143.3
ETH,12/28/18,115.62,138.21,112.51,134.63
ETH,12/27/18,128.39,132.62,113.36,115.68
ETH,12/26/18,130.49,136.95,123.44,128.42
ETH,12/25/18,142.49,144.53,121.96,130.49
ETH,12/24/18,129.6,159.05,128.0,142.0
ETH,12/23/18,113.9,132.94,111.52,129.86
ETH,12/22/18,107.91,114.88,105.34,113.9
ETH,12/21/18,114.19,118.9,105.24,107.91
ETH,12/20/18,98.94,117.14,98.54,113.75
ETH,12/19/18,93.81,107.57,93.81,98.82
ETH,12/18/18,94.0,96.0,91.54,93.81
ETH,12/17/18,83.8,96.74,83.2,94.0
ETH,12/16/18,83.56,86.77,82.29,83.84
ETH,12/15/18,81.72,84.15,81.03,83.44
ETH,12/14/18,84.31,85.96,80.92,81.72
ETH,12/13/18,89.93,90.3,83.18,84.31
ETH,12/12/18,87.89,91.15,85.5,89.93
ETH,12/11/18,89.11,90.85,85.2,87.89
ETH,12/10/18,92.81,94.6,87.44,89.12
ETH,12/9/18,85.65,98.27,85.01,93.12
ETH,12/8/18,93.48,97.43,83.71,85.51
ETH,12/7/18,94.97,96.67,81.02,93.09
ETH,12/6/18,101.65,103.0,93.88,94.97
ETH,12/5/18,108.92,109.2,100.83,101.65
ETH,12/4/18,108.46,112.0,105.0,108.93
ETH,12/3/18,116.39,116.61,105.0,108.4
ETH,12/2/18,116.64,119.7,113.98,116.39
ETH,12/1/18,111.37,119.44,109.84,116.64
ETH,11/30/18,115.0,119.25,109.4,111.37
ETH,11/29/18,120.6,122.92,113.1,115.12
ETH,11/28/18,108.88,125.41,107.4,120.83
ETH,11/27/18,104.51,109.4,99.0,108.71
ETH,11/26/18,115.95,116.95,102.8,104.23
ETH,11/25/18,110.58,118.79,98.04,115.91
ETH,11/24/18,120.1,125.76,108.99,111.0
ETH,11/23/18,128.76,129.05,116.27,120.11
ETH,11/22/18,132.05,136.73,126.74,128.76
ETH,11/21/18,131.25,137.18,122.25,132.05
ETH,11/20/18,147.24,149.8,121.72,131.25
ETH,11/19/18,174.15,175.93,142.62,147.5
ETH,11/18/18,172.07,179.34,171.51,174.15
ETH,11/17/18,170.96,173.87,169.33,172.07
ETH,11/16/18,175.05,179.75,170.69,170.96
ETH,11/15/18,175.6,180.96,165.01,175.05
ETH,11/14/18,203.52,205.02,165.61,175.99
ETH,11/13/18,207.98,208.85,202.74,203.52
ETH,11/12/18,208.1,210.98,207.59,207.98
ETH,11/11/18,211.68,211.95,206.58,207.92
ETH,11/10/18,207.86,212.71,207.27,211.87
ETH,11/9/18,212.44,212.77,206.33,207.86
ETH,11/8/18,217.34,218.39,210.51,212.62
ETH,11/7/18,215.87,223.03,215.52,217.0
ETH,11/6/18,206.8,216.4,206.8,215.88
ETH,11/5/18,210.32,211.06,205.64,206.81
ETH,11/4/18,199.64,217.02,197.87,210.48
ETH,11/3/18,200.14,200.19,197.75,199.64
ETH,11/2/18,197.25,201.53,197.07,200.14
ETH,11/1/18,196.45,197.69,195.71,197.24
ETH,10/31/18,194.7,198.89,191.8,196.45
ETH,10/30/18,193.32,195.35,192.88,194.7
ETH,10/29/18,201.73,203.1,191.1,193.22
ETH,10/28/18,201.26,203.09,201.01,201.95
ETH,10/27/18,200.72,201.8,200.08,201.26
ETH,10/26/18,199.86,204.05,198.44,200.48
ETH,10/25/18,201.37,201.6,198.2,199.86
ETH,10/24/18,201.32,202.9,200.22,201.36
ETH,10/23/18,201.36,202.27,197.83,201.26
ETH,10/22/18,202.85,203.29,199.5,201.54
ETH,10/21/18,202.39,205.65,202.06,202.88
ETH,10/20/18,199.69,203.98,198.56,202.39
ETH,10/19/18,198.62,201.19,196.48,199.7
ETH,10/18/18,202.96,205.26,197.35,198.72
ETH,10/17/18,204.22,207.57,201.27,202.96
ETH,10/16/18,201.41,207.42,200.6,203.96
ETH,10/15/18,194.95,219.3,189.82,201.41
ETH,10/14/18,196.11,199.07,193.44,194.92
ETH,10/13/18,195.0,199.26,192.46,196.53
ETH,10/12/18,197.55,197.85,185.01,195.08
ETH,10/11/18,223.58,223.59,192.65,197.54
ETH,10/10/18,226.3,226.81,221.75,223.58
ETH,10/9/18,229.23,229.23,224.75,226.37
ETH,10/8/18,222.71,230.0,222.6,229.18
ETH,10/7/18,224.02,225.32,220.43,223.16
ETH,10/6/18,221.84,229.99,221.75,224.02
ETH,10/5/18,221.8,223.78,218.7,221.84
ETH,10/4/18,216.67,225.05,215.23,221.8
ETH,10/3/18,225.0,226.87,214.56,216.67
ETH,10/2/18,228.7,231.15,222.18,225.1
ETH,10/1/18,228.26,234.66,224.14,228.78
ETH,9/30/18,230.27,238.17,225.72,228.39
ETH,9/29/18,220.01,236.0,213.48,230.27
ETH,9/28/18,228.11,233.55,214.65,220.13
ETH,9/27/18,219.21,233.9,209.89,228.37
ETH,9/26/18,214.5,222.34,207.2,219.13
ETH,9/25/18,234.3,234.33,203.46,213.9
ETH,9/24/18,241.55,246.0,230.0,234.5
ETH,9/23/18,241.32,249.0,236.6,241.34
ETH,9/22/18,242.0,254.0,232.97,241.31
ETH,9/21/18,208.64,252.34,208.11,242.73
ETH,9/20/18,211.0,215.27,206.68,208.58
ETH,9/19/18,207.72,214.82,197.68,210.96
ETH,9/18/18,194.46,214.53,193.84,207.72
ETH,9/17/18,221.34,224.63,192.33,194.48
ETH,9/16/18,223.28,223.6,208.05,221.62
ETH,9/15/18,218.31,227.31,208.26,223.54
ETH,9/14/18,205.7,223.86,202.9,218.46
ETH,9/13/18,181.75,212.5,180.31,205.53
ETH,9/12/18,181.9,186.1,167.16,181.95
ETH,9/11/18,196.25,198.86,176.0,181.75
ETH,9/10/18,201.49,202.1,186.8,196.36
ETH,9/9/18,192.8,208.0,185.32,201.49
ETH,9/8/18,218.12,219.69,189.09,192.14
ETH,9/7/18,224.34,233.38,213.47,217.66
ETH,9/6/18,245.12,246.48,211.42,224.54
ETH,9/5/18,285.05,287.31,239.5,245.12
ETH,9/4/18,290.22,291.74,280.68,285.04
ETH,9/3/18,293.19,295.98,285.43,290.22
ETH,9/2/18,298.0,298.94,288.81,293.72
ETH,9/1/18,283.4,302.42,281.02,297.8
ETH,8/31/18,284.89,285.82,276.45,283.09
ETH,8/30/18,290.01,291.59,270.7,284.8
ETH,8/29/18,294.13,298.0,284.19,290.01
ETH,8/28/18,276.44,295.99,275.9,294.11
ETH,8/27/18,272.28,279.38,271.9,276.8
ETH,8/26/18,279.02,280.3,269.28,272.37
ETH,8/25/18,279.81,283.27,276.34,279.02
ETH,8/24/18,273.48,281.65,270.53,279.78
ETH,8/23/18,266.71,280.56,260.11,273.2
ETH,8/22/18,277.19,299.0,267.52,268.01
ETH,8/21/18,285.7,286.26,268.72,277.09
ETH,8/20/18,303.13,303.87,282.56,285.71
ETH,8/19/18,288.88,306.7,288.29,302.0
ETH,8/18/18,300.3,321.08,282.39,288.81
ETH,8/17/18,283.38,308.79,281.47,300.2
ETH,8/16/18,287.3,299.0,277.24,283.0
ETH,8/15/18,258.87,304.98,258.87,287.33
ETH,8/14/18,288.12,288.66,250.59,259.0
ETH,8/13/18,319.67,322.19,284.51,288.11
ETH,8/12/18,325.5,331.38,314.6,319.9
ETH,8/11/18,342.81,342.81,304.47,324.25
ETH,8/10/18,363.11,369.78,342.25,343.0
ETH,8/9/18,357.57,367.78,350.27,363.09
ETH,8/8/18,384.6,384.6,347.95,357.8
ETH,8/7/18,403.24,410.72,382.08,384.5
ETH,8/6/18,410.86,413.27,402.66,403.48
ETH,8/5/18,404.1,412.01,400.18,410.43
ETH,8/4/18,415.64,419.15,401.0,404.2
ETH,8/3/18,409.46,419.37,397.48,415.16
ETH,8/2/18,409.56,424.0,407.02,409.97
ETH,8/1/18,431.71,434.59,409.26,409.5
ETH,7/31/18,453.5,458.0,427.03,432.27
ETH,7/30/18,465.51,469.13,446.0,453.63
ETH,7/29/18,463.26,471.63,461.66,465.89
ETH,7/28/18,466.39,474.0,460.69,463.26
ETH,7/27/18,471.8,471.8,455.98,466.36
ETH,7/26/18,475.54,484.31,470.88,472.27
ETH,7/25/18,471.76,484.34,464.0,475.34
ETH,7/24/18,447.24,484.01,446.81,472.08
ETH,7/23/18,464.01,469.07,446.64,447.77
ETH,7/22/18,465.07,471.4,457.2,464.02
ETH,7/21/18,444.15,468.13,439.93,465.14
ETH,7/20/18,467.28,476.33,441.93,444.16
ETH,7/19/18,473.27,483.25,463.2,467.28
ETH,7/18/18,500.11,515.34,470.21,473.44
ETH,7/17/18,475.58,511.69,465.0,500.09
ETH,7/16/18,452.53,479.58,444.1,475.58
ETH,7/15/18,435.32,454.37,429.5,452.52
ETH,7/14/18,429.96,439.49,427.76,436.06
ETH,7/13/18,427.2,441.5,417.09,429.96
ETH,7/12/18,436.74,445.63,425.0,427.09
ETH,7/11/18,440.13,447.24,425.33,436.74
ETH,7/10/18,474.57,484.34,428.04,440.13
ETH,7/9/18,486.22,491.41,472.81,474.4
ETH,7/8/18,463.3,494.89,462.4,486.2
ETH,7/7/18,467.44,472.82,461.0,464.89
ETH,7/6/18,462.48,475.41,451.45,468.09
ETH,7/5/18,474.0,477.94,458.44,463.05
ETH,7/4/18,470.23,482.39,451.0,474.0
ETH,7/3/18,474.82,487.07,461.36,469.21
ETH,7/2/18,450.97,481.6,443.36,474.82
ETH,7/1/18,445.92,456.71,444.28,450.97
ETH,6/30/18,412.58,462.0,412.58,445.69
ETH,6/29/18,433.46,436.49,404.21,412.58
ETH,6/28/18,434.81,446.3,430.01,433.04
ETH,6/27/18,440.8,448.48,420.0,433.99
ETH,6/26/18,458.1,465.0,435.38,440.8
ETH,6/25/18,458.64,473.9,444.38,458.27
ETH,6/24/18,474.53,481.65,420.2,458.64
ETH,6/23/18,464.0,476.95,449.59,474.7
ETH,6/22/18,525.42,526.98,457.0,462.7
ETH,6/21/18,532.22,543.74,521.05,525.42
ETH,6/20/18,531.64,542.6,516.57,532.74
ETH,6/19/18,519.99,547.72,514.38,530.8
ETH,6/18/18,498.57,525.0,487.05,518.89
ETH,6/17/18,497.78,506.73,493.65,498.7
ETH,6/16/18,494.34,502.73,482.7,497.78
ETH,6/15/18,519.0,522.0,486.21,494.27
ETH,6/14/18,470.8,527.0,460.5,518.2
ETH,6/13/18,490.17,501.08,448.3,470.26
ETH,6/12/18,516.1,539.06,485.03,490.93
ETH,6/11/18,523.77,536.0,502.97,515.26
ETH,6/10/18,599.85,599.85,522.79,522.79
ETH,6/9/18,598.73,608.0,595.69,599.85
ETH,6/8/18,601.16,607.98,591.0,598.73
ETH,6/7/18,603.72,616.0,598.28,601.46
ETH,6/6/18,606.92,612.62,592.99,603.72
ETH,6/5/18,596.48,614.49,576.0,608.05
ETH,6/4/18,621.97,635.0,579.17,596.14
ETH,6/3/18,591.2,629.2,590.0,621.08
ETH,6/2/18,564.63,599.83,564.0,591.36
ETH,6/1/18,579.99,589.63,562.08,564.31
ETH,5/31/18,548.87,585.23,546.82,579.21
ETH,5/30/18,567.97,585.71,540.62,548.83
ETH,5/29/18,523.4,572.29,506.89,567.86
ETH,5/28/18,559.55,575.3,514.78,523.4
ETH,5/27/18,598.04,605.58,555.01,560.66
ETH,5/26/18,582.33,605.57,567.98,598.04
ETH,5/25/18,590.02,616.8,575.0,582.0
ETH,5/24/18,586.96,609.3,543.64,590.01
ETH,5/23/18,653.82,657.61,562.9,586.94
ETH,5/22/18,697.58,700.0,653.73,655.46
ETH,5/21/18,720.4,721.58,686.99,697.58
ETH,5/20/18,700.0,724.4,683.8,718.82
ETH,5/19/18,688.18,717.0,682.54,700.0
ETH,5/18/18,685.83,690.18,655.81,688.0
ETH,5/17/18,694.0,719.0,679.01,685.78
ETH,5/16/18,711.5,712.0,676.61,694.4
ETH,5/15/18,737.8,739.59,706.97,712.0
ETH,5/14/18,736.66,742.28,685.0,737.69
ETH,5/13/18,677.4,740.11,668.4,736.4
ETH,5/12/18,672.56,689.3,638.0,677.41
ETH,5/11/18,735.5,740.37,666.67,672.39
ETH,5/10/18,735.57,766.95,730.19,736.34
ETH,5/9/18,739.01,760.43,706.8,741.89
ETH,5/8/18,760.08,775.87,720.17,738.8
ETH,5/7/18,775.09,793.14,693.52,760.21
ETH,5/6/18,798.9,830.0,752.09,775.09
ETH,5/5/18,784.99,827.69,779.0,798.89
ETH,5/4/18,754.26,804.47,753.72,784.5
ETH,5/3/18,679.8,774.38,679.8,754.23
ETH,5/2/18,664.22,686.3,662.93,680.14
ETH,5/1/18,671.48,675.26,627.9,664.22
ETH,4/30/18,679.99,693.35,670.0,670.0
ETH,4/29/18,682.0,699.92,666.0,679.99
ETH,4/28/18,649.74,694.0,640.1,683.2
ETH,4/27/18,648.24,685.44,645.77,649.74
ETH,4/26/18,636.68,648.35,601.01,647.7
ETH,4/25/18,706.47,708.6,595.0,635.91
ETH,4/24/18,639.49,712.0,639.49,704.88
ETH,4/23/18,641.83,649.49,618.12,639.57
ETH,4/22/18,607.49,647.0,593.02,641.83
ETH,4/21/18,593.03,630.0,579.1,606.03
ETH,4/20/18,553.8,596.0,553.28,594.42
ETH,4/19/18,523.01,564.2,519.44,554.06
ETH,4/18/18,503.67,524.4,500.14,522.02
ETH,4/17/18,502.79,522.4,499.84,502.2
ETH,4/16/18,525.02,537.9,497.4,502.79
ETH,4/15/18,507.59,532.29,502.0,524.7
ETH,4/14/18,493.51,515.9,482.2,508.4
ETH,4/13/18,467.6,528.71,467.6,493.47
ETH,4/12/18,420.33,479.0,413.21,467.0
ETH,4/11/18,415.52,433.75,409.51,430.13
ETH,4/10/18,398.78,417.99,391.69,415.58
ETH,4/9/18,399.55,433.31,386.24,398.44
ETH,4/8/18,384.98,403.88,384.61,399.99
ETH,4/7/18,369.35,394.7,368.4,384.93
ETH,4/6/18,380.68,385.0,362.17,369.4
ETH,4/5/18,377.87,387.33,364.0,380.48
ETH,4/4/18,415.51,417.95,368.02,377.95
ETH,4/3/18,384.51,520.11,379.37,415.84
ETH,4/2/18,378.64,394.5,375.32,384.26
ETH,4/1/18,393.25,401.0,359.01,378.48
ETH,3/31/18,392.49,419.29,388.81,392.4
ETH,3/30/18,383.14,411.0,363.49,392.54
ETH,3/29/18,445.77,448.83,379.64,383.56
ETH,3/28/18,448.15,465.51,440.01,445.87
ETH,3/27/18,485.36,491.98,445.75,447.4
ETH,3/26/18,522.74,526.67,466.8,485.51
ETH,3/25/18,519.5,536.0,512.21,522.79
ETH,3/24/18,543.88,545.12,519.5,519.53
ETH,3/23/18,538.99,544.29,507.0,544.29
ETH,3/22/18,559.44,578.04,507.97,539.94
ETH,3/21/18,557.5,590.71,544.5,559.79
ETH,3/20/18,554.98,570.4,516.06,557.5
ETH,3/19/18,536.0,557.98,435.0,554.96
ETH,3/18/18,548.0,553.44,453.3,535.15
ETH,3/17/18,599.5,609.3,540.21,548.0
ETH,3/16/18,608.99,627.51,581.21,600.01
ETH,3/15/18,610.5,621.4,570.0,609.0
ETH,3/14/18,687.77,702.99,582.7,610.89
ETH,3/13/18,695.4,715.78,676.5,685.64
ETH,3/12/18,721.01,739.15,677.0,694.72
ETH,3/11/18,680.0,737.5,655.53,719.11
ETH,3/10/18,724.8,751.84,650.01,680.7
ETH,3/9/18,698.43,730.31,641.1,724.4
ETH,3/8/18,750.0,775.0,686.01,698.8
ETH,3/7/18,815.81,825.89,724.32,750.0
ETH,3/6/18,849.01,850.35,801.8,815.81
ETH,3/5/18,864.9,868.77,849.21,849.91
ETH,3/4/18,853.99,867.38,837.05,864.9
ETH,3/3/18,855.19,869.8,852.0,853.4
ETH,3/2/18,870.46,878.0,845.0,855.19
ETH,3/1/18,850.11,879.78,843.11,869.75
ETH,2/28/18,870.91,888.0,847.59,850.1
ETH,2/27/18,866.62,898.98,860.5,870.91
ETH,2/26/18,840.0,880.94,834.99,865.37
ETH,2/25/18,832.45,852.67,816.75,840.0
ETH,2/24/18,852.74,875.78,807.41,832.98
ETH,2/23/18,804.29,883.75,785.0,854.35
ETH,2/22/18,840.35,874.98,780.0,804.36
ETH,2/21/18,884.3,908.11,817.0,840.35
ETH,2/20/18,940.65,958.99,875.01,882.61
ETH,2/19/18,916.99,956.97,915.0,940.64
ETH,2/18/18,975.99,983.85,911.12,916.0
ETH,2/17/18,940.98,977.1,936.84,975.75
ETH,2/16/18,929.01,950.0,907.75,940.98
ETH,2/15/18,920.56,950.85,905.99,929.03
ETH,2/14/18,840.59,923.98,839.99,920.56
ETH,2/13/18,866.2,869.35,821.95,839.52
ETH,2/12/18,810.14,876.61,810.14,864.53
ETH,2/11/18,850.0,858.09,778.33,809.09
ETH,2/10/18,878.01,910.0,808.8,850.0
ETH,2/9/18,812.99,883.47,780.0,878.6
ETH,2/8/18,748.8,844.98,747.0,813.0
ETH,2/7/18,783.2,864.0,713.08,748.54
ETH,2/6/18,686.9,807.65,556.0,783.2
ETH,2/5/18,822.79,858.99,622.55,687.15
ETH,2/4/18,965.6,966.9,782.0,823.56
ETH,2/3/18,909.84,995.71,831.71,965.53
ETH,2/2/18,1021.37,1024.74,734.84,910.0
ETH,2/1/18,1105.3,1149.5,941.0,1020.09
ETH,1/31/18,1056.0,1119.6,1011.0,1105.3
ETH,1/30/18,1165.86,1172.0,1018.54,1055.14
ETH,1/29/18,1220.97,1234.0,1122.01,1166.0
ETH,1/28/18,1105.5,1228.0,1100.02,1221.94
ETH,1/27/18,1047.99,1120.5,1033.5,1105.5
ETH,1/26/18,1048.0,1079.95,982.0,1051.07
ETH,1/25/18,1063.77,1107.67,1000.01,1048.0
ETH,1/24/18,984.1,1067.0,957.9,1063.77
ETH,1/23/18,1000.12,1025.0,910.0,985.96
ETH,1/22/18,1052.22,1090.99,913.24,1000.5
ETH,1/21/18,1157.78,1158.0,925.11,1049.1
ETH,1/20/18,1048.99,1167.37,1042.15,1157.78
ETH,1/19/18,1023.43,1105.0,995.0,1048.0
ETH,1/18/18,1023.99,1115.0,964.0,1023.43
ETH,1/17/18,1061.2,1116.0,755.0,1019.97
ETH,1/16/18,1276.6,1281.38,870.0,1063.0
ETH,1/15/18,1358.82,1386.0,1266.55,1272.88
ETH,1/14/18,1398.99,1404.95,1221.0,1358.82
ETH,1/13/18,1326.42,1594.89,1200.1,1398.99
ETH,1/11/18,1245.75,1328.0,1111.0,1195.67
ETH,1/10/18,1284.0,1366.66,1202.74,1245.02
ETH,1/9/18,1136.4,1289.0,1126.0,1284.99
ETH,1/8/18,1098.0,1191.0,966.01,1137.5
ETH,1/7/18,998.69,1098.0,997.87,1098.0
ETH,1/6/18,957.45,1005.0,950.4,998.7
ETH,1/5/18,942.04,1009.84,900.0,958.0
ETH,1/4/18,937.18,988.99,905.01,942.04
ETH,1/3/18,861.99,947.92,851.0,938.0
ETH,1/2/18,758.0,879.9,757.01,864.0
ETH,1/1/18,744.39,772.98,725.1,757.01
ETH,12/31/19,131.59,133.28,127.79,128.45
ETH,12/30/19,134.77,136.0,129.96,131.66
ETH,12/29/19,128.3,137.64,127.4,134.64
ETH,12/28/19,125.5,129.58,125.5,128.3
ETH,12/27/19,126.14,126.66,122.57,125.52
ETH,12/26/19,125.26,131.96,124.19,126.16
ETH,12/25/19,128.14,128.14,123.38,125.26
ETH,12/24/19,127.16,129.46,126.1,128.14
ETH,12/23/19,132.49,135.1,126.3,127.25
ETH,12/22/19,127.02,133.19,127.0,132.49
ETH,12/21/19,128.2,128.44,126.68,127.02
ETH,12/20/19,126.6,129.37,126.0,128.2
ETH,12/19/19,130.55,133.99,125.77,126.6
ETH,12/18/19,121.95,132.27,116.1,130.39
ETH,12/17/19,131.52,132.74,120.45,121.95
ETH,12/16/19,142.73,142.84,130.0,131.52
ETH,12/15/19,142.09,143.85,139.96,142.73
ETH,12/14/19,144.19,145.05,141.18,142.09
ETH,12/13/19,144.68,145.09,142.73,144.19
ETH,12/12/19,142.67,145.73,139.54,144.74
ETH,12/11/19,144.94,146.22,142.11,142.67
ETH,12/10/19,147.46,147.92,143.94,144.94
ETH,12/9/19,151.24,151.64,146.76,147.46
ETH,12/8/19,147.21,151.9,146.5,151.24
ETH,12/7/19,148.57,149.79,147.14,147.21
ETH,12/6/19,148.0,148.92,146.31,148.38
ETH,12/5/19,145.12,148.85,143.92,148.01
ETH,12/4/19,147.89,151.55,143.25,145.12
ETH,12/3/19,148.57,149.95,146.07,147.89
ETH,12/2/19,151.21,152.19,147.0,148.57
ETH,12/1/19,152.0,152.74,146.0,150.99
ETH,11/30/19,152.56,155.29,150.02,152.0
ETH,11/29/19,152.28,157.62,149.5,152.56
ETH,11/28/19,153.67,154.82,150.36,152.28
ETH,11/27/19,148.08,155.87,141.16,153.67
ETH,11/26/19,148.03,149.7,143.82,148.08
ETH,11/25/19,144.04,151.77,132.2,148.1
ETH,11/24/19,151.17,153.16,141.68,144.16
ETH,11/23/19,153.35,153.9,146.5,151.17
ETH,11/22/19,159.42,162.82,138.93,152.98
ETH,11/21/19,175.02,175.62,157.31,159.86
ETH,11/20/19,174.39,177.2,173.28,175.16
ETH,11/19/19,178.31,178.58,172.7,174.4
ETH,11/18/19,185.21,185.21,174.4,178.31
ETH,11/17/19,183.1,186.0,180.02,185.21
ETH,11/16/19,179.56,183.16,179.17,183.1
ETH,11/15/19,184.9,186.21,177.66,179.55
ETH,11/14/19,187.31,188.69,182.89,184.9
ETH,11/13/19,186.13,189.14,185.12,187.23
ETH,11/12/19,185.97,187.25,182.09,186.13
ETH,11/11/19,189.68,190.38,184.69,185.97
ETH,11/10/19,184.7,191.6,183.41,189.56
ETH,11/9/19,185.51,185.65,182.8,184.7
ETH,11/8/19,186.5,188.16,181.1,185.51
ETH,11/7/19,190.52,192.13,184.4,186.5
ETH,11/6/19,190.14,194.22,188.0,190.51
ETH,11/5/19,186.36,191.74,182.62,190.13
ETH,11/4/19,180.76,188.84,180.44,186.36
ETH,11/3/19,183.14,184.93,179.01,180.71
ETH,11/2/19,184.48,185.67,182.08,183.13
ETH,11/1/19,181.18,184.52,178.49,184.48
ETH,10/31/19,183.06,185.55,178.22,181.23
ETH,10/30/19,191.43,193.0,180.52,183.06
ETH,10/29/19,184.63,193.08,181.79,191.73
ETH,10/28/19,186.52,189.8,180.84,183.99
ETH,10/27/19,178.93,189.14,176.94,186.5
ETH,10/26/19,180.98,198.63,174.03,178.94
ETH,10/25/19,161.01,187.62,160.0,180.98
ETH,10/24/19,160.48,163.88,158.99,160.89
ETH,10/23/19,172.28,172.92,153.24,160.48
ETH,10/22/19,173.71,175.39,170.79,172.32
ETH,10/21/19,174.83,178.34,171.83,173.69
ETH,10/20/19,171.66,176.56,169.67,174.83
ETH,10/19/19,174.05,175.03,170.06,171.53
ETH,10/18/19,176.27,177.48,168.58,174.03
ETH,10/17/19,174.39,179.09,172.78,176.32
ETH,10/16/19,178.15,180.93,172.01,174.32
ETH,10/15/19,186.92,188.66,177.99,178.71
ETH,10/14/19,180.76,187.54,180.1,187.1
ETH,10/13/19,180.48,184.84,179.0,180.8
ETH,10/12/19,181.72,184.71,177.86,180.48
ETH,10/11/19,192.25,197.01,180.05,181.8
ETH,10/10/19,192.58,195.72,188.0,192.18
ETH,10/9/19,177.54,194.7,177.54,192.66
ETH,10/8/19,178.98,185.34,177.66,177.66
ETH,10/7/19,171.24,182.55,168.59,178.98
ETH,10/6/19,175.23,177.17,168.0,171.13
ETH,10/5/19,177.41,177.58,172.14,175.23
ETH,10/4/19,172.75,179.35,171.15,177.41
ETH,10/3/19,177.08,181.45,170.64,172.75
ETH,10/2/19,177.69,178.74,174.1,177.08
ETH,10/1/19,176.92,185.79,174.35,177.69
ETH,9/30/19,168.61,180.67,165.26,176.92
ETH,9/29/19,174.41,175.22,165.12,168.61
ETH,9/28/19,170.91,177.1,168.62,174.41
ETH,9/27/19,164.0,171.76,161.42,170.98
ETH,9/26/19,170.27,173.13,153.0,164.0
ETH,9/25/19,164.88,174.92,162.71,170.6
ETH,9/24/19,204.82,204.82,155.03,165.83
ETH,9/23/19,208.22,212.0,204.68,204.68
ETH,9/22/19,215.9,216.73,206.13,208.22
ETH,9/21/19,216.29,221.51,214.0,215.9
ETH,9/20/19,219.8,222.96,212.38,216.29
ETH,9/19/19,211.3,224.06,202.77,219.8
ETH,9/18/19,213.04,217.68,207.23,211.31
ETH,9/17/19,199.07,214.03,196.1,213.18
ETH,9/16/19,189.18,199.22,188.43,199.03
ETH,9/15/19,188.39,190.99,186.6,189.18
ETH,9/14/19,180.98,189.26,180.23,188.39
ETH,9/13/19,180.03,182.65,177.62,180.97
ETH,9/12/19,176.93,180.79,176.52,179.88
ETH,9/11/19,178.1,181.83,174.81,176.93
ETH,9/10/19,179.39,184.37,176.93,178.08
ETH,9/9/19,180.14,185.56,176.25,179.39
ETH,9/8/19,179.16,184.27,176.53,180.14
ETH,9/7/19,168.68,180.89,168.19,179.15
ETH,9/6/19,172.2,178.4,166.94,168.74
ETH,9/5/19,176.5,177.4,170.7,172.0
ETH,9/4/19,181.45,181.45,175.13,176.5
ETH,9/3/19,179.88,183.09,175.31,181.45
ETH,9/2/19,170.31,181.32,170.31,180.07
ETH,9/1/19,166.54,174.9,166.49,170.31
ETH,8/31/19,169.22,169.51,165.93,166.54
ETH,8/30/19,169.67,170.34,165.73,169.23
ETH,8/29/19,171.6,173.9,163.89,169.67
ETH,8/28/19,186.7,188.03,166.23,171.46
ETH,8/27/19,186.44,188.99,184.57,186.7
ETH,8/26/19,184.45,194.28,183.31,186.44
ETH,8/25/19,189.48,192.41,183.62,184.45
ETH,8/24/19,192.93,195.0,186.57,189.53
ETH,8/23/19,192.23,196.6,188.74,192.59
ETH,8/22/19,185.55,194.93,182.81,192.62
ETH,8/21/19,196.62,198.58,180.41,185.67
ETH,8/20/19,198.31,203.54,194.76,195.8
ETH,8/19/19,195.42,202.7,193.15,198.31
ETH,8/18/19,182.9,197.99,182.68,195.42
ETH,8/17/19,185.25,187.68,182.13,182.9
ETH,8/16/19,187.22,189.45,178.0,185.25
ETH,8/15/19,188.2,190.0,174.21,186.9
ETH,8/14/19,207.31,209.9,182.73,188.2
ETH,8/13/19,212.0,212.12,204.1,207.31
ETH,8/12/19,215.14,216.55,209.98,212.11
ETH,8/11/19,206.72,215.98,205.12,215.11
ETH,8/10/19,209.16,214.7,201.55,206.95
ETH,8/9/19,217.58,221.39,206.86,209.16
ETH,8/8/19,224.23,226.84,215.23,217.58
ETH,8/7/19,225.89,230.94,220.64,224.33
ETH,8/6/19,231.96,239.32,225.24,225.89
ETH,8/5/19,221.6,236.49,220.18,232.0
ETH,8/4/19,222.19,223.36,217.43,221.5
ETH,8/3/19,215.93,224.34,215.02,222.12
ETH,8/2/19,217.68,222.68,215.15,215.94
ETH,8/1/19,215.35,219.02,211.26,217.62
ETH,7/31/19,209.12,217.99,208.73,215.35
ETH,7/30/19,211.67,215.1,204.9,209.22
ETH,7/29/19,207.59,214.8,198.62,211.67
ETH,7/28/19,207.91,211.41,206.07,207.8
ETH,7/27/19,218.23,224.01,202.91,207.78
ETH,7/26/19,218.41,220.62,212.81,218.96
ETH,7/25/19,215.59,225.44,214.5,218.59
ETH,7/24/19,217.93,217.99,202.61,215.2
ETH,7/23/19,218.23,218.95,208.79,217.62
ETH,7/22/19,223.28,228.04,211.92,218.17
ETH,7/21/19,232.54,234.73,217.94,223.08
ETH,7/20/19,220.69,235.73,219.5,232.51
ETH,7/19/19,225.2,230.09,214.7,220.75
ETH,7/18/19,213.0,228.56,206.82,225.24
ETH,7/17/19,203.2,219.51,192.73,213.0
ETH,7/16/19,231.5,234.57,191.14,203.4
ETH,7/15/19,236.96,237.11,212.65,231.14
ETH,7/14/19,264.59,270.0,230.6,237.6
ETH,7/13/19,276.97,277.48,263.47,264.58
ETH,7/12/19,266.31,279.02,264.92,276.98
ETH,7/11/19,287.47,289.96,263.0,266.01
ETH,7/10/19,304.57,314.63,283.01,287.86
ETH,7/9/19,310.52,318.42,303.1,304.73
ETH,7/8/19,306.74,312.8,302.56,310.45
ETH,7/7/19,292.59,310.19,284.62,305.95
ETH,7/6/19,286.86,297.62,286.37,292.37
ETH,7/5/19,293.0,294.99,280.62,286.62
ETH,7/4/19,293.71,303.62,291.91,293.0
ETH,7/3/19,287.5,301.01,285.42,294.07
ETH,7/2/19,288.73,295.99,271.6,288.44
ETH,7/1/19,303.38,303.38,278.97,288.27
ETH,6/30/19,312.62,323.5,288.26,303.5
ETH,6/29/19,306.77,314.31,291.68,312.5
ETH,6/28/19,289.13,312.34,282.91,306.77
ETH,6/27/19,338.3,343.25,274.56,288.28
ETH,6/26/19,308.67,362.89,308.5,338.28
ETH,6/25/19,305.87,314.62,305.87,308.74
ETH,6/24/19,313.71,317.77,295.19,305.9
ETH,6/23/19,305.24,315.87,299.75,313.4
ETH,6/22/19,293.94,314.56,290.7,305.29
ETH,6/21/19,272.62,295.55,271.14,294.0
ETH,6/20/19,268.06,274.11,266.51,272.49
ETH,6/19/19,263.84,270.0,261.22,267.9
ETH,6/18/19,272.62,275.49,262.01,263.84
ETH,6/17/19,266.38,275.74,265.76,273.0
ETH,6/16/19,269.59,278.8,263.35,266.38
ETH,6/15/19,258.25,273.78,258.0,269.54
ETH,6/14/19,258.99,262.0,252.27,258.24
ETH,6/13/19,255.64,264.42,255.64,258.99
ETH,6/12/19,244.6,260.59,243.34,255.64
ETH,6/11/19,244.19,248.9,237.62,244.72
ETH,6/10/19,231.29,246.77,226.86,244.19
ETH,6/9/19,243.64,245.41,229.0,231.75
ETH,6/8/19,247.74,252.06,241.7,243.65
ETH,6/7/19,241.24,254.11,241.17,247.98
ETH,6/6/19,243.86,247.83,235.74,241.2
ETH,6/5/19,239.53,248.49,233.82,243.86
ETH,6/4/19,261.25,261.25,233.61,239.68
ETH,6/3/19,267.4,270.68,255.32,261.26
ETH,6/2/19,265.54,273.84,263.1,267.4
ETH,6/1/19,261.88,274.51,260.66,265.12
ETH,5/31/19,263.42,264.94,240.08,261.56
ETH,5/30/19,269.81,288.76,260.99,263.24
ETH,5/29/19,272.2,274.27,261.23,269.75
ETH,5/28/19,267.49,276.49,265.32,272.2
ETH,5/27/19,264.98,279.18,263.6,267.4
ETH,5/26/19,250.34,269.24,246.27,264.82
ETH,5/25/19,254.0,258.92,246.85,250.34
ETH,5/24/19,244.75,256.01,242.44,253.88
ETH,5/23/19,247.86,248.14,231.4,244.69
ETH,5/22/19,263.0,264.33,242.49,247.81
ETH,5/21/19,255.73,263.5,247.81,262.98
ETH,5/20/19,257.52,264.79,239.67,254.54
ETH,5/19/19,236.34,260.99,232.8,257.42
ETH,5/18/19,233.5,248.3,231.56,236.34
ETH,5/17/19,254.71,273.17,224.05,233.5
ETH,5/16/19,239.19,279.18,236.73,255.19
ETH,5/15/19,204.49,244.64,203.18,239.35
ETH,5/14/19,200.91,215.0,192.13,204.68
ETH,5/13/19,190.28,206.26,185.47,200.91
ETH,5/12/19,200.51,206.01,182.87,190.22
ETH,5/11/19,168.03,176.24,167.62,171.62
ETH,5/10/19,168.03,176.24,167.62,171.62
ETH,5/9/19,168.39,173.07,165.39,168.16
ETH,5/8/19,170.25,173.36,163.78,168.39
ETH,5/7/19,173.3,180.56,168.73,170.45
ETH,5/6/19,163.15,175.6,157.81,173.3
ETH,5/5/19,162.09,163.91,157.36,162.91
ETH,5/4/19,166.02,168.64,158.62,161.39
ETH,5/3/19,159.07,169.0,157.94,166.01
ETH,5/2/19,157.82,159.8,156.25,159.03
ETH,5/1/19,156.29,163.0,156.29,157.7
ETH,4/30/19,151.96,158.76,151.12,156.45
ETH,4/29/19,153.62,154.72,149.62,151.95
ETH,4/28/19,157.26,157.74,152.73,153.74
ETH,4/27/19,151.15,158.26,151.1,157.26
ETH,4/26/19,164.99,165.17,146.93,151.15
ETH,4/25/19,164.49,166.71,161.88,164.99
ETH,4/24/19,172.49,173.05,160.22,164.45
ETH,4/23/19,171.75,176.92,170.44,172.62
ETH,4/22/19,168.07,173.52,168.0,171.81
ETH,4/21/19,172.99,174.23,166.47,168.33
ETH,4/20/19,172.61,177.66,171.8,172.99
ETH,4/19/19,175.78,175.79,169.58,172.61
ETH,4/18/19,166.61,176.0,165.5,175.8
ETH,4/17/19,165.68,168.26,164.17,166.6
ETH,4/16/19,160.1,167.74,159.48,165.69
ETH,4/15/19,164.65,169.52,155.62,160.14
ETH,4/14/19,163.03,165.04,161.68,164.65
ETH,4/13/19,163.84,166.19,162.46,163.03
ETH,4/12/19,164.7,167.57,160.12,163.84
ETH,4/11/19,176.19,177.9,140.62,164.7
ETH,4/10/19,177.79,185.0,170.92,176.22
ETH,4/9/19,181.47,183.18,174.3,177.79
ETH,4/8/19,173.14,187.09,171.57,181.3
ETH,4/7/19,167.63,175.9,162.2,172.98
ETH,4/6/19,163.79,173.18,160.1,167.35
ETH,4/5/19,155.8,168.24,155.77,163.79
ETH,4/4/19,178.4,179.8,153.53,155.74
ETH,4/3/19,159.72,179.97,158.97,178.11
ETH,4/2/19,140.81,162.94,140.75,159.72
ETH,4/1/19,140.95,142.97,138.6,140.69
ETH,3/31/19,141.36,142.22,140.13,140.95
ETH,3/30/19,140.52,145.49,140.17,141.36
ETH,3/29/19,137.01,141.86,136.84,140.52
ETH,3/28/19,137.6,139.8,136.75,137.01
ETH,3/27/19,133.14,138.68,132.66,137.6
ETH,3/26/19,131.81,133.75,131.54,133.14
ETH,3/25/19,134.8,136.23,130.91,131.81
ETH,3/24/19,135.78,136.68,134.27,134.8
ETH,3/23/19,135.83,137.63,135.27,135.78
ETH,3/22/19,135.14,136.9,133.94,135.73
ETH,3/21/19,137.76,139.44,132.27,135.14
ETH,3/20/19,137.58,138.25,135.24,137.76
ETH,3/19/19,137.15,138.66,136.15,137.58
ETH,3/18/19,138.95,141.2,135.61,137.15
ETH,3/17/19,139.6,140.63,136.27,138.95
ETH,3/16/19,135.92,143.57,134.9,139.6
ETH,3/15/19,131.34,136.78,131.17,135.94
ETH,3/14/19,131.23,134.82,128.82,131.31
ETH,3/13/19,132.9,133.12,130.18,131.23
ETH,3/12/19,132.03,134.29,127.64,132.9
ETH,3/11/19,134.81,135.61,130.45,132.03
ETH,3/10/19,135.78,136.83,133.31,134.81
ETH,3/9/19,135.51,137.97,129.44,135.78
ETH,3/8/19,137.45,138.68,134.43,135.51
ETH,3/7/19,136.34,139.81,134.66,137.46
ETH,3/6/19,135.07,140.44,133.49,136.34
ETH,3/5/19,125.38,137.61,124.09,135.07
ETH,3/4/19,130.76,130.88,122.55,125.38
ETH,3/3/19,132.53,134.5,130.0,130.76
ETH,3/2/19,136.16,136.55,129.71,132.52
ETH,3/1/19,135.16,137.54,133.95,136.16
ETH,2/28/19,130.58,138.79,130.05,135.16
ETH,2/27/19,134.84,139.82,126.5,130.89
ETH,2/26/19,135.78,138.7,133.21,134.83
ETH,2/25/19,138.98,140.95,131.53,135.73
ETH,2/24/19,156.52,166.31,133.38,138.97
ETH,2/23/19,146.97,159.26,145.02,156.52
ETH,2/22/19,143.44,147.48,142.22,146.95
ETH,2/21/19,145.12,148.54,141.82,143.44
ETH,2/20/19,142.99,147.49,139.67,145.12
ETH,2/19/19,141.26,149.5,140.46,143.03
ETH,2/18/19,129.13,147.58,129.13,141.27
ETH,2/17/19,122.35,130.75,121.5,128.95
ETH,2/16/19,120.51,123.48,120.15,122.35
ETH,2/15/19,120.53,123.13,118.65,120.51
ETH,2/14/19,120.48,123.11,118.85,120.55
ETH,2/13/19,119.61,125.27,119.61,120.41
ETH,2/12/19,119.49,122.35,117.21,119.61
ETH,2/11/19,117.26,124.8,117.25,119.49
ETH,2/10/19,118.2,118.7,115.02,117.3
ETH,2/9/19,117.42,119.95,116.12,118.31
ETH,2/8/19,103.14,122.0,102.45,117.4
ETH,2/7/19,103.15,104.75,102.68,103.14
ETH,2/6/19,106.0,106.49,100.12,103.15
ETH,2/5/19,106.52,106.53,104.82,105.99
ETH,2/4/19,105.04,107.95,104.81,106.57
ETH,2/3/19,106.68,110.01,104.41,105.02
ETH,2/2/19,106.29,107.64,105.03,106.65
ETH,2/1/19,105.81,106.55,103.08,106.3
ETH,1/31/19,107.28,110.19,104.7,105.81
ETH,1/30/19,104.49,109.24,102.92,107.28
ETH,1/29/19,103.5,106.84,102.02,104.51
ETH,1/28/19,112.89,113.08,101.0,103.51
ETH,1/27/19,115.1,115.54,110.78,112.89
ETH,1/26/19,114.98,117.48,114.8,115.1
ETH,1/25/19,116.44,117.0,114.35,114.98
ETH,1/24/19,116.3,117.33,113.7,116.44
ETH,1/23/19,117.37,118.89,115.01,116.29
ETH,1/22/19,115.18,119.56,111.0,117.51
ETH,1/21/19,117.59,118.01,113.6,115.14
ETH,1/20/19,123.82,124.13,115.0,117.58
ETH,1/19/19,119.36,126.28,119.15,123.8
ETH,1/18/19,121.78,123.29,118.21,119.36
ETH,1/17/19,122.28,123.68,117.41,121.59
ETH,1/16/19,117.91,127.2,117.8,122.2
ETH,1/15/19,128.12,130.42,117.2,117.83
ETH,1/14/19,115.4,131.25,114.6,128.15
ETH,1/13/19,124.75,127.99,113.61,115.4
ETH,1/12/19,125.25,127.0,123.15,124.66
ETH,1/11/19,126.87,128.74,121.73,125.25
ETH,1/10/19,149.55,150.83,122.11,127.34
ETH,1/9/19,148.78,153.25,148.29,149.55
ETH,1/8/19,150.56,153.0,146.49,148.78
ETH,1/7/19,155.77,157.5,149.79,150.35
ETH,1/6/19,156.9,159.92,148.23,155.77
ETH,1/5/19,154.26,160.9,152.62,156.9
ETH,1/4/19,147.86,155.88,144.77,153.98
ETH,1/3/19,154.55,156.76,144.49,147.88
ETH,1/2/19,137.7,155.95,136.64,154.55
ETH,1/1/19,129.99,140.42,129.5,137.71
